SQL> 
SQL> CL SCTR
SP2-0158: unknown CLEAR option "SCTR"
SQL> CL SCR

SQL> REM SELECT SYNTAX : SELECT ... FROM ... WHERE ... ORDER BY ... OFFSET ... FETCH ...;
SQL> 
SQL> REM TOP n ANALYSIS :
SQL> 
SQL> REM 1 DISPLAYING ROWS FROM TOP OF THE TABLE
SQL> 
SQL> REM 2 DISPLAYING ROWS FROM BOTTOM OF THE TABLE
SQL> 
SQL> REM 3 DISPLAYING ROWS FROM MIDDLE OF THE TABLE
SQL> 
SQL> 
SQL> 
SQL> REM 1 DISPLAYING ROWS FROM TOP OF THE TABLE : FETCH ...
SQL> 
SQL> REM 2 DISPLAYING ROWS FROM BOTTOM OF THE TABLE : OFFSET ...
SQL> 
SQL> REM 3 DISPLAYING ROWS FROM MIDDLE OF THE TABLE : OFFSET ... FETCH ...
SQL> 
SQL> 
SQL> 
SQL> SET LINES 200 PAGES 24
SQL> 
SQL> SELECT * FROM EMPLOYEES;

EMPLOYEE_ID FIRST_NAME LAST_NAME  EMAIL      PHONE_NUMBER         HIRE_DATE JOB_ID         SALARY COMMISSION_PCT MANAGER_ID DEPARTMENT_ID                                                               
----------- ---------- ---------- ---------- -------------------- --------- ---------- ---------- -------------- ---------- -------------                                                               
        100 Steven     King       SKING      515.123.4567         17-JUL-87 AD_PRES         24000                                      90                                                               
        101 Neena      Kochhar    NKOCHHAR   515.123.4568         21-SEP-89 AD_VP           17000                       100            90                                                               
        102 Lex        De Haan    LDEHAAN    515.123.4569         13-JAN-93 AD_VP           17000                       100            90                                                               
        103 Alexander  Hunold     AHUNOLD    590.423.4567         03-JAN-90 IT_PROG          9000                       102            60                                                               
        104 Bruce      Ernst      BERNST     590.423.4568         21-MAY-91 IT_PROG          6000                       103            60                                                               
        107 Diana      Lorentz    DLORENTZ   590.423.5567         07-FEB-99 IT_PROG          4200                       103            60                                                               
        124 Kevin      Mourgos    KMOURGOS   650.123.5234         16-NOV-99 ST_MAN           5800                       100            50                                                               
        141 Trenna     Rajs       TRAJS      650.121.8009         17-OCT-95 ST_CLERK         3500                       124            50                                                               
        142 Curtis     Davies     CDAVIES    650.121.2994         29-JAN-97 ST_CLERK         3100                       124            50                                                               
        143 Randall    Matos      RMATOS     650.121.2874         15-MAR-98 ST_CLERK         2600                       124            50                                                               
        144 Peter      Vargas     PVARGAS    650.121.2004         09-JUL-98 ST_CLERK         2500                       124            50                                                               
        149 Eleni      Zlotkey    EZLOTKEY   011.44.1344.429018   29-JAN-00 SA_MAN          10500             .2        100            80                                                               
        174 Ellen      Abel       EABEL      011.44.1644.429267   11-MAY-96 SA_REP          11000             .3        149            80                                                               
        176 Jonathon   Taylor     JTAYLOR    011.44.1644.429265   24-MAR-98 SA_REP           8600             .3        149            80                                                               
        178 Kimerely   Grant      KGRANT     011.44.1644.429263   24-MAY-99 SA_REP           7000            .15        149                                                                             
        200 Jennifer   Whalen     JWHALEN    515.123.4444         17-SEP-87 AD_ASST          4400                       101            10                                                               
        201 Michael    Hartstein  MHARTSTE   515.123.5555         17-FEB-96 MK_MAN          13000                       100            20                                                               
        202 Pat        Fay        PFAY       603.123.6666         17-AUG-97 MK_REP           6000                       201            20                                                               
        205 Shelley    Higgins    SHIGGINS   515.123.8080         07-JUN-94 AC_MGR          12000                       101           110                                                               
        206 William    Gietz      WGIETZ     515.123.8181         07-JUN-94 AC_ACCOUNT       8300                       205           110                                                               

20 rows selected.

SQL> REM DISPLAY 6 ROWS FROM TOP OF THE EMPLOYEES TABLE
SQL> 
SQL> SELECT * FROM EMPLOYEES FETCH FIRST 6 ROWS ONLY;

EMPLOYEE_ID FIRST_NAME LAST_NAME  EMAIL      PHONE_NUMBER         HIRE_DATE JOB_ID         SALARY COMMISSION_PCT MANAGER_ID DEPARTMENT_ID                                                               
----------- ---------- ---------- ---------- -------------------- --------- ---------- ---------- -------------- ---------- -------------                                                               
        100 Steven     King       SKING      515.123.4567         17-JUL-87 AD_PRES         24000                                      90                                                               
        101 Neena      Kochhar    NKOCHHAR   515.123.4568         21-SEP-89 AD_VP           17000                       100            90                                                               
        102 Lex        De Haan    LDEHAAN    515.123.4569         13-JAN-93 AD_VP           17000                       100            90                                                               
        103 Alexander  Hunold     AHUNOLD    590.423.4567         03-JAN-90 IT_PROG          9000                       102            60                                                               
        104 Bruce      Ernst      BERNST     590.423.4568         21-MAY-91 IT_PROG          6000                       103            60                                                               
        107 Diana      Lorentz    DLORENTZ   590.423.5567         07-FEB-99 IT_PROG          4200                       103            60                                                               

6 rows selected.

SQL> SELECT * FROM EMPLOYEES FETCH NEXT 6 ROWS ONLY;

EMPLOYEE_ID FIRST_NAME LAST_NAME  EMAIL      PHONE_NUMBER         HIRE_DATE JOB_ID         SALARY COMMISSION_PCT MANAGER_ID DEPARTMENT_ID                                                               
----------- ---------- ---------- ---------- -------------------- --------- ---------- ---------- -------------- ---------- -------------                                                               
        100 Steven     King       SKING      515.123.4567         17-JUL-87 AD_PRES         24000                                      90                                                               
        101 Neena      Kochhar    NKOCHHAR   515.123.4568         21-SEP-89 AD_VP           17000                       100            90                                                               
        102 Lex        De Haan    LDEHAAN    515.123.4569         13-JAN-93 AD_VP           17000                       100            90                                                               
        103 Alexander  Hunold     AHUNOLD    590.423.4567         03-JAN-90 IT_PROG          9000                       102            60                                                               
        104 Bruce      Ernst      BERNST     590.423.4568         21-MAY-91 IT_PROG          6000                       103            60                                                               
        107 Diana      Lorentz    DLORENTZ   590.423.5567         07-FEB-99 IT_PROG          4200                       103            60                                                               

6 rows selected.

SQL> SELECT * FROM EMPLOYEES FETCH NEXT ROWS ONLY;

EMPLOYEE_ID FIRST_NAME LAST_NAME  EMAIL      PHONE_NUMBER         HIRE_DATE JOB_ID         SALARY COMMISSION_PCT MANAGER_ID DEPARTMENT_ID                                                               
----------- ---------- ---------- ---------- -------------------- --------- ---------- ---------- -------------- ---------- -------------                                                               
        100 Steven     King       SKING      515.123.4567         17-JUL-87 AD_PRES         24000                                      90                                                               

SQL> SELECT * FROM EMPLOYEES FETCH NEXT 0 ROWS ONLY;

no rows selected

SQL> SELECT * FROM EMPLOYEES FETCH NEXT -5 ROWS ONLY;

no rows selected

SQL> SELECT * FROM EMPLOYEES FETCH NEXT 6 ROWS ONLY;

EMPLOYEE_ID FIRST_NAME LAST_NAME  EMAIL      PHONE_NUMBER         HIRE_DATE JOB_ID         SALARY COMMISSION_PCT MANAGER_ID DEPARTMENT_ID                                                               
----------- ---------- ---------- ---------- -------------------- --------- ---------- ---------- -------------- ---------- -------------                                                               
        100 Steven     King       SKING      515.123.4567         17-JUL-87 AD_PRES         24000                                      90                                                               
        101 Neena      Kochhar    NKOCHHAR   515.123.4568         21-SEP-89 AD_VP           17000                       100            90                                                               
        102 Lex        De Haan    LDEHAAN    515.123.4569         13-JAN-93 AD_VP           17000                       100            90                                                               
        103 Alexander  Hunold     AHUNOLD    590.423.4567         03-JAN-90 IT_PROG          9000                       102            60                                                               
        104 Bruce      Ernst      BERNST     590.423.4568         21-MAY-91 IT_PROG          6000                       103            60                                                               
        107 Diana      Lorentz    DLORENTZ   590.423.5567         07-FEB-99 IT_PROG          4200                       103            60                                                               

6 rows selected.

SQL> SELECT * FROM EMPLOYEES FETCH NEXT SIX ROWS ONLY;
SELECT * FROM EMPLOYEES FETCH NEXT SIX ROWS ONLY
                                   *
ERROR at line 1:
ORA-00904: "SIX": invalid identifier 


SQL> SELECT * FROM EMPLOYEES FETCH NEXT VI ROWS ONLY;
SELECT * FROM EMPLOYEES FETCH NEXT VI ROWS ONLY
                                   *
ERROR at line 1:
ORA-00904: "VI": invalid identifier 


SQL> SELECT * FROM EMPLOYEES FETCH NEXT 3 * 2 ROWS ONLY;

EMPLOYEE_ID FIRST_NAME LAST_NAME  EMAIL      PHONE_NUMBER         HIRE_DATE JOB_ID         SALARY COMMISSION_PCT MANAGER_ID DEPARTMENT_ID                                                               
----------- ---------- ---------- ---------- -------------------- --------- ---------- ---------- -------------- ---------- -------------                                                               
        100 Steven     King       SKING      515.123.4567         17-JUL-87 AD_PRES         24000                                      90                                                               
        101 Neena      Kochhar    NKOCHHAR   515.123.4568         21-SEP-89 AD_VP           17000                       100            90                                                               
        102 Lex        De Haan    LDEHAAN    515.123.4569         13-JAN-93 AD_VP           17000                       100            90                                                               
        103 Alexander  Hunold     AHUNOLD    590.423.4567         03-JAN-90 IT_PROG          9000                       102            60                                                               
        104 Bruce      Ernst      BERNST     590.423.4568         21-MAY-91 IT_PROG          6000                       103            60                                                               
        107 Diana      Lorentz    DLORENTZ   590.423.5567         07-FEB-99 IT_PROG          4200                       103            60                                                               

6 rows selected.

SQL> SELECT * FROM EMPLOYEES FETCH NEXT 4 + 2 ROWS ONLY;

EMPLOYEE_ID FIRST_NAME LAST_NAME  EMAIL      PHONE_NUMBER         HIRE_DATE JOB_ID         SALARY COMMISSION_PCT MANAGER_ID DEPARTMENT_ID                                                               
----------- ---------- ---------- ---------- -------------------- --------- ---------- ---------- -------------- ---------- -------------                                                               
        100 Steven     King       SKING      515.123.4567         17-JUL-87 AD_PRES         24000                                      90                                                               
        101 Neena      Kochhar    NKOCHHAR   515.123.4568         21-SEP-89 AD_VP           17000                       100            90                                                               
        102 Lex        De Haan    LDEHAAN    515.123.4569         13-JAN-93 AD_VP           17000                       100            90                                                               
        103 Alexander  Hunold     AHUNOLD    590.423.4567         03-JAN-90 IT_PROG          9000                       102            60                                                               
        104 Bruce      Ernst      BERNST     590.423.4568         21-MAY-91 IT_PROG          6000                       103            60                                                               
        107 Diana      Lorentz    DLORENTZ   590.423.5567         07-FEB-99 IT_PROG          4200                       103            60                                                               

6 rows selected.

SQL> SELECT * FROM EMPLOYEES FETCH NEXT SQRT(36) ROWS ONLY;

EMPLOYEE_ID FIRST_NAME LAST_NAME  EMAIL      PHONE_NUMBER         HIRE_DATE JOB_ID         SALARY COMMISSION_PCT MANAGER_ID DEPARTMENT_ID                                                               
----------- ---------- ---------- ---------- -------------------- --------- ---------- ---------- -------------- ---------- -------------                                                               
        100 Steven     King       SKING      515.123.4567         17-JUL-87 AD_PRES         24000                                      90                                                               
        101 Neena      Kochhar    NKOCHHAR   515.123.4568         21-SEP-89 AD_VP           17000                       100            90                                                               
        102 Lex        De Haan    LDEHAAN    515.123.4569         13-JAN-93 AD_VP           17000                       100            90                                                               
        103 Alexander  Hunold     AHUNOLD    590.423.4567         03-JAN-90 IT_PROG          9000                       102            60                                                               
        104 Bruce      Ernst      BERNST     590.423.4568         21-MAY-91 IT_PROG          6000                       103            60                                                               
        107 Diana      Lorentz    DLORENTZ   590.423.5567         07-FEB-99 IT_PROG          4200                       103            60                                                               

6 rows selected.

SQL> SELECT * FROM EMPLOYEES FETCH NEXT 6.9 ROWS ONLY;

EMPLOYEE_ID FIRST_NAME LAST_NAME  EMAIL      PHONE_NUMBER         HIRE_DATE JOB_ID         SALARY COMMISSION_PCT MANAGER_ID DEPARTMENT_ID                                                               
----------- ---------- ---------- ---------- -------------------- --------- ---------- ---------- -------------- ---------- -------------                                                               
        100 Steven     King       SKING      515.123.4567         17-JUL-87 AD_PRES         24000                                      90                                                               
        101 Neena      Kochhar    NKOCHHAR   515.123.4568         21-SEP-89 AD_VP           17000                       100            90                                                               
        102 Lex        De Haan    LDEHAAN    515.123.4569         13-JAN-93 AD_VP           17000                       100            90                                                               
        103 Alexander  Hunold     AHUNOLD    590.423.4567         03-JAN-90 IT_PROG          9000                       102            60                                                               
        104 Bruce      Ernst      BERNST     590.423.4568         21-MAY-91 IT_PROG          6000                       103            60                                                               
        107 Diana      Lorentz    DLORENTZ   590.423.5567         07-FEB-99 IT_PROG          4200                       103            60                                                               

6 rows selected.

SQL> SELECT * FROM EMPLOYEES FETCH NEXT 30 ROWS ONLY;

EMPLOYEE_ID FIRST_NAME LAST_NAME  EMAIL      PHONE_NUMBER         HIRE_DATE JOB_ID         SALARY COMMISSION_PCT MANAGER_ID DEPARTMENT_ID                                                               
----------- ---------- ---------- ---------- -------------------- --------- ---------- ---------- -------------- ---------- -------------                                                               
        100 Steven     King       SKING      515.123.4567         17-JUL-87 AD_PRES         24000                                      90                                                               
        101 Neena      Kochhar    NKOCHHAR   515.123.4568         21-SEP-89 AD_VP           17000                       100            90                                                               
        102 Lex        De Haan    LDEHAAN    515.123.4569         13-JAN-93 AD_VP           17000                       100            90                                                               
        103 Alexander  Hunold     AHUNOLD    590.423.4567         03-JAN-90 IT_PROG          9000                       102            60                                                               
        104 Bruce      Ernst      BERNST     590.423.4568         21-MAY-91 IT_PROG          6000                       103            60                                                               
        107 Diana      Lorentz    DLORENTZ   590.423.5567         07-FEB-99 IT_PROG          4200                       103            60                                                               
        124 Kevin      Mourgos    KMOURGOS   650.123.5234         16-NOV-99 ST_MAN           5800                       100            50                                                               
        141 Trenna     Rajs       TRAJS      650.121.8009         17-OCT-95 ST_CLERK         3500                       124            50                                                               
        142 Curtis     Davies     CDAVIES    650.121.2994         29-JAN-97 ST_CLERK         3100                       124            50                                                               
        143 Randall    Matos      RMATOS     650.121.2874         15-MAR-98 ST_CLERK         2600                       124            50                                                               
        144 Peter      Vargas     PVARGAS    650.121.2004         09-JUL-98 ST_CLERK         2500                       124            50                                                               
        149 Eleni      Zlotkey    EZLOTKEY   011.44.1344.429018   29-JAN-00 SA_MAN          10500             .2        100            80                                                               
        174 Ellen      Abel       EABEL      011.44.1644.429267   11-MAY-96 SA_REP          11000             .3        149            80                                                               
        176 Jonathon   Taylor     JTAYLOR    011.44.1644.429265   24-MAR-98 SA_REP           8600             .3        149            80                                                               
        178 Kimerely   Grant      KGRANT     011.44.1644.429263   24-MAY-99 SA_REP           7000            .15        149                                                                             
        200 Jennifer   Whalen     JWHALEN    515.123.4444         17-SEP-87 AD_ASST          4400                       101            10                                                               
        201 Michael    Hartstein  MHARTSTE   515.123.5555         17-FEB-96 MK_MAN          13000                       100            20                                                               
        202 Pat        Fay        PFAY       603.123.6666         17-AUG-97 MK_REP           6000                       201            20                                                               
        205 Shelley    Higgins    SHIGGINS   515.123.8080         07-JUN-94 AC_MGR          12000                       101           110                                                               
        206 William    Gietz      WGIETZ     515.123.8181         07-JUN-94 AC_ACCOUNT       8300                       205           110                                                               

20 rows selected.

SQL> SELECT * FROM EMPLOYEES FETCH NEXT 30 ROW ONLY;

EMPLOYEE_ID FIRST_NAME LAST_NAME  EMAIL      PHONE_NUMBER         HIRE_DATE JOB_ID         SALARY COMMISSION_PCT MANAGER_ID DEPARTMENT_ID                                                               
----------- ---------- ---------- ---------- -------------------- --------- ---------- ---------- -------------- ---------- -------------                                                               
        100 Steven     King       SKING      515.123.4567         17-JUL-87 AD_PRES         24000                                      90                                                               
        101 Neena      Kochhar    NKOCHHAR   515.123.4568         21-SEP-89 AD_VP           17000                       100            90                                                               
        102 Lex        De Haan    LDEHAAN    515.123.4569         13-JAN-93 AD_VP           17000                       100            90                                                               
        103 Alexander  Hunold     AHUNOLD    590.423.4567         03-JAN-90 IT_PROG          9000                       102            60                                                               
        104 Bruce      Ernst      BERNST     590.423.4568         21-MAY-91 IT_PROG          6000                       103            60                                                               
        107 Diana      Lorentz    DLORENTZ   590.423.5567         07-FEB-99 IT_PROG          4200                       103            60                                                               
        124 Kevin      Mourgos    KMOURGOS   650.123.5234         16-NOV-99 ST_MAN           5800                       100            50                                                               
        141 Trenna     Rajs       TRAJS      650.121.8009         17-OCT-95 ST_CLERK         3500                       124            50                                                               
        142 Curtis     Davies     CDAVIES    650.121.2994         29-JAN-97 ST_CLERK         3100                       124            50                                                               
        143 Randall    Matos      RMATOS     650.121.2874         15-MAR-98 ST_CLERK         2600                       124            50                                                               
        144 Peter      Vargas     PVARGAS    650.121.2004         09-JUL-98 ST_CLERK         2500                       124            50                                                               
        149 Eleni      Zlotkey    EZLOTKEY   011.44.1344.429018   29-JAN-00 SA_MAN          10500             .2        100            80                                                               
        174 Ellen      Abel       EABEL      011.44.1644.429267   11-MAY-96 SA_REP          11000             .3        149            80                                                               
        176 Jonathon   Taylor     JTAYLOR    011.44.1644.429265   24-MAR-98 SA_REP           8600             .3        149            80                                                               
        178 Kimerely   Grant      KGRANT     011.44.1644.429263   24-MAY-99 SA_REP           7000            .15        149                                                                             
        200 Jennifer   Whalen     JWHALEN    515.123.4444         17-SEP-87 AD_ASST          4400                       101            10                                                               
        201 Michael    Hartstein  MHARTSTE   515.123.5555         17-FEB-96 MK_MAN          13000                       100            20                                                               
        202 Pat        Fay        PFAY       603.123.6666         17-AUG-97 MK_REP           6000                       201            20                                                               
        205 Shelley    Higgins    SHIGGINS   515.123.8080         07-JUN-94 AC_MGR          12000                       101           110                                                               
        206 William    Gietz      WGIETZ     515.123.8181         07-JUN-94 AC_ACCOUNT       8300                       205           110                                                               

20 rows selected.

SQL> SELECT * FROM EMPLOYEES FETCH NEXT 30 ROW WITH TIES;

EMPLOYEE_ID FIRST_NAME LAST_NAME  EMAIL      PHONE_NUMBER         HIRE_DATE JOB_ID         SALARY COMMISSION_PCT MANAGER_ID DEPARTMENT_ID                                                               
----------- ---------- ---------- ---------- -------------------- --------- ---------- ---------- -------------- ---------- -------------                                                               
        100 Steven     King       SKING      515.123.4567         17-JUL-87 AD_PRES         24000                                      90                                                               
        101 Neena      Kochhar    NKOCHHAR   515.123.4568         21-SEP-89 AD_VP           17000                       100            90                                                               
        102 Lex        De Haan    LDEHAAN    515.123.4569         13-JAN-93 AD_VP           17000                       100            90                                                               
        103 Alexander  Hunold     AHUNOLD    590.423.4567         03-JAN-90 IT_PROG          9000                       102            60                                                               
        104 Bruce      Ernst      BERNST     590.423.4568         21-MAY-91 IT_PROG          6000                       103            60                                                               
        107 Diana      Lorentz    DLORENTZ   590.423.5567         07-FEB-99 IT_PROG          4200                       103            60                                                               
        124 Kevin      Mourgos    KMOURGOS   650.123.5234         16-NOV-99 ST_MAN           5800                       100            50                                                               
        141 Trenna     Rajs       TRAJS      650.121.8009         17-OCT-95 ST_CLERK         3500                       124            50                                                               
        142 Curtis     Davies     CDAVIES    650.121.2994         29-JAN-97 ST_CLERK         3100                       124            50                                                               
        143 Randall    Matos      RMATOS     650.121.2874         15-MAR-98 ST_CLERK         2600                       124            50                                                               
        144 Peter      Vargas     PVARGAS    650.121.2004         09-JUL-98 ST_CLERK         2500                       124            50                                                               
        149 Eleni      Zlotkey    EZLOTKEY   011.44.1344.429018   29-JAN-00 SA_MAN          10500             .2        100            80                                                               
        174 Ellen      Abel       EABEL      011.44.1644.429267   11-MAY-96 SA_REP          11000             .3        149            80                                                               
        176 Jonathon   Taylor     JTAYLOR    011.44.1644.429265   24-MAR-98 SA_REP           8600             .3        149            80                                                               
        178 Kimerely   Grant      KGRANT     011.44.1644.429263   24-MAY-99 SA_REP           7000            .15        149                                                                             
        200 Jennifer   Whalen     JWHALEN    515.123.4444         17-SEP-87 AD_ASST          4400                       101            10                                                               
        201 Michael    Hartstein  MHARTSTE   515.123.5555         17-FEB-96 MK_MAN          13000                       100            20                                                               
        202 Pat        Fay        PFAY       603.123.6666         17-AUG-97 MK_REP           6000                       201            20                                                               
        205 Shelley    Higgins    SHIGGINS   515.123.8080         07-JUN-94 AC_MGR          12000                       101           110                                                               
        206 William    Gietz      WGIETZ     515.123.8181         07-JUN-94 AC_ACCOUNT       8300                       205           110                                                               

20 rows selected.

SQL> 
SQL> 
SQL> REM FETCH FIRST/NEXT 1/NUMBER/FORMULA/FUNCTION ROWS/ROW ONLY/WITH TIES
SQL> 
SQL> SELECT FIRST_NAME , SALARY FROM EMPLOYEES FETCH NEXT 3 ROW WITH TIES;

FIRST_NAME     SALARY                                                                                                                                                                                   
---------- ----------                                                                                                                                                                                   
Steven          24000                                                                                                                                                                                   
Neena           17000                                                                                                                                                                                   
Lex             17000                                                                                                                                                                                   

SQL> REM DISPLAY DIRST 9 ROWS OF EMPLOYEES TABLE
SQL> 
SQL> SELECT * FROM EMPLOYEES FETCH FIRST 9 ROWS ONLY;

EMPLOYEE_ID FIRST_NAME LAST_NAME  EMAIL      PHONE_NUMBER         HIRE_DATE JOB_ID         SALARY COMMISSION_PCT MANAGER_ID DEPARTMENT_ID                                                               
----------- ---------- ---------- ---------- -------------------- --------- ---------- ---------- -------------- ---------- -------------                                                               
        100 Steven     King       SKING      515.123.4567         17-JUL-87 AD_PRES         24000                                      90                                                               
        101 Neena      Kochhar    NKOCHHAR   515.123.4568         21-SEP-89 AD_VP           17000                       100            90                                                               
        102 Lex        De Haan    LDEHAAN    515.123.4569         13-JAN-93 AD_VP           17000                       100            90                                                               
        103 Alexander  Hunold     AHUNOLD    590.423.4567         03-JAN-90 IT_PROG          9000                       102            60                                                               
        104 Bruce      Ernst      BERNST     590.423.4568         21-MAY-91 IT_PROG          6000                       103            60                                                               
        107 Diana      Lorentz    DLORENTZ   590.423.5567         07-FEB-99 IT_PROG          4200                       103            60                                                               
        124 Kevin      Mourgos    KMOURGOS   650.123.5234         16-NOV-99 ST_MAN           5800                       100            50                                                               
        141 Trenna     Rajs       TRAJS      650.121.8009         17-OCT-95 ST_CLERK         3500                       124            50                                                               
        142 Curtis     Davies     CDAVIES    650.121.2994         29-JAN-97 ST_CLERK         3100                       124            50                                                               

9 rows selected.

SQL> REM DISPLAY FIRST 15 ROWS OF EMPLOYEES TABLE (DON'T USE FIRST KEY WORD)
SQL> 
SQL> SELECT * FROM EMPLOYEES FETCH NEXT 15 ROWS ONLY;

EMPLOYEE_ID FIRST_NAME LAST_NAME  EMAIL      PHONE_NUMBER         HIRE_DATE JOB_ID         SALARY COMMISSION_PCT MANAGER_ID DEPARTMENT_ID                                                               
----------- ---------- ---------- ---------- -------------------- --------- ---------- ---------- -------------- ---------- -------------                                                               
        100 Steven     King       SKING      515.123.4567         17-JUL-87 AD_PRES         24000                                      90                                                               
        101 Neena      Kochhar    NKOCHHAR   515.123.4568         21-SEP-89 AD_VP           17000                       100            90                                                               
        102 Lex        De Haan    LDEHAAN    515.123.4569         13-JAN-93 AD_VP           17000                       100            90                                                               
        103 Alexander  Hunold     AHUNOLD    590.423.4567         03-JAN-90 IT_PROG          9000                       102            60                                                               
        104 Bruce      Ernst      BERNST     590.423.4568         21-MAY-91 IT_PROG          6000                       103            60                                                               
        107 Diana      Lorentz    DLORENTZ   590.423.5567         07-FEB-99 IT_PROG          4200                       103            60                                                               
        124 Kevin      Mourgos    KMOURGOS   650.123.5234         16-NOV-99 ST_MAN           5800                       100            50                                                               
        141 Trenna     Rajs       TRAJS      650.121.8009         17-OCT-95 ST_CLERK         3500                       124            50                                                               
        142 Curtis     Davies     CDAVIES    650.121.2994         29-JAN-97 ST_CLERK         3100                       124            50                                                               
        143 Randall    Matos      RMATOS     650.121.2874         15-MAR-98 ST_CLERK         2600                       124            50                                                               
        144 Peter      Vargas     PVARGAS    650.121.2004         09-JUL-98 ST_CLERK         2500                       124            50                                                               
        149 Eleni      Zlotkey    EZLOTKEY   011.44.1344.429018   29-JAN-00 SA_MAN          10500             .2        100            80                                                               
        174 Ellen      Abel       EABEL      011.44.1644.429267   11-MAY-96 SA_REP          11000             .3        149            80                                                               
        176 Jonathon   Taylor     JTAYLOR    011.44.1644.429265   24-MAR-98 SA_REP           8600             .3        149            80                                                               
        178 Kimerely   Grant      KGRANT     011.44.1644.429263   24-MAY-99 SA_REP           7000            .15        149                                                                             

15 rows selected.

SQL> REM DISPLAY FIRST 11 ROWS OF EMPLOYEES TABLE (DON'T USE FIRST AND ONLY KEY WORD)
SQL> 
SQL> SELECT * FROM EMPLOYEES FETCH NEXT 11 ROWS WITH TIES;

EMPLOYEE_ID FIRST_NAME LAST_NAME  EMAIL      PHONE_NUMBER         HIRE_DATE JOB_ID         SALARY COMMISSION_PCT MANAGER_ID DEPARTMENT_ID                                                               
----------- ---------- ---------- ---------- -------------------- --------- ---------- ---------- -------------- ---------- -------------                                                               
        100 Steven     King       SKING      515.123.4567         17-JUL-87 AD_PRES         24000                                      90                                                               
        101 Neena      Kochhar    NKOCHHAR   515.123.4568         21-SEP-89 AD_VP           17000                       100            90                                                               
        102 Lex        De Haan    LDEHAAN    515.123.4569         13-JAN-93 AD_VP           17000                       100            90                                                               
        103 Alexander  Hunold     AHUNOLD    590.423.4567         03-JAN-90 IT_PROG          9000                       102            60                                                               
        104 Bruce      Ernst      BERNST     590.423.4568         21-MAY-91 IT_PROG          6000                       103            60                                                               
        107 Diana      Lorentz    DLORENTZ   590.423.5567         07-FEB-99 IT_PROG          4200                       103            60                                                               
        124 Kevin      Mourgos    KMOURGOS   650.123.5234         16-NOV-99 ST_MAN           5800                       100            50                                                               
        141 Trenna     Rajs       TRAJS      650.121.8009         17-OCT-95 ST_CLERK         3500                       124            50                                                               
        142 Curtis     Davies     CDAVIES    650.121.2994         29-JAN-97 ST_CLERK         3100                       124            50                                                               
        143 Randall    Matos      RMATOS     650.121.2874         15-MAR-98 ST_CLERK         2600                       124            50                                                               
        144 Peter      Vargas     PVARGAS    650.121.2004         09-JUL-98 ST_CLERK         2500                       124            50                                                               

11 rows selected.

SQL> REM DISPLAY 16 ROWS FROM TOP (USING FORMULA)
SQL> 
SQL> SELECT * FROM EMPLOYEES FETCH FIRST 10+ 6 ROWS ONLY;

EMPLOYEE_ID FIRST_NAME LAST_NAME  EMAIL      PHONE_NUMBER         HIRE_DATE JOB_ID         SALARY COMMISSION_PCT MANAGER_ID DEPARTMENT_ID                                                               
----------- ---------- ---------- ---------- -------------------- --------- ---------- ---------- -------------- ---------- -------------                                                               
        100 Steven     King       SKING      515.123.4567         17-JUL-87 AD_PRES         24000                                      90                                                               
        101 Neena      Kochhar    NKOCHHAR   515.123.4568         21-SEP-89 AD_VP           17000                       100            90                                                               
        102 Lex        De Haan    LDEHAAN    515.123.4569         13-JAN-93 AD_VP           17000                       100            90                                                               
        103 Alexander  Hunold     AHUNOLD    590.423.4567         03-JAN-90 IT_PROG          9000                       102            60                                                               
        104 Bruce      Ernst      BERNST     590.423.4568         21-MAY-91 IT_PROG          6000                       103            60                                                               
        107 Diana      Lorentz    DLORENTZ   590.423.5567         07-FEB-99 IT_PROG          4200                       103            60                                                               
        124 Kevin      Mourgos    KMOURGOS   650.123.5234         16-NOV-99 ST_MAN           5800                       100            50                                                               
        141 Trenna     Rajs       TRAJS      650.121.8009         17-OCT-95 ST_CLERK         3500                       124            50                                                               
        142 Curtis     Davies     CDAVIES    650.121.2994         29-JAN-97 ST_CLERK         3100                       124            50                                                               
        143 Randall    Matos      RMATOS     650.121.2874         15-MAR-98 ST_CLERK         2600                       124            50                                                               
        144 Peter      Vargas     PVARGAS    650.121.2004         09-JUL-98 ST_CLERK         2500                       124            50                                                               
        149 Eleni      Zlotkey    EZLOTKEY   011.44.1344.429018   29-JAN-00 SA_MAN          10500             .2        100            80                                                               
        174 Ellen      Abel       EABEL      011.44.1644.429267   11-MAY-96 SA_REP          11000             .3        149            80                                                               
        176 Jonathon   Taylor     JTAYLOR    011.44.1644.429265   24-MAR-98 SA_REP           8600             .3        149            80                                                               
        178 Kimerely   Grant      KGRANT     011.44.1644.429263   24-MAY-99 SA_REP           7000            .15        149                                                                             
        200 Jennifer   Whalen     JWHALEN    515.123.4444         17-SEP-87 AD_ASST          4400                       101            10                                                               

16 rows selected.

SQL> REM DISPLAY FIRST 8 ROWS (USING FUNCTION)
SQL> 
SQL> SELECT * FROM EMPLOYEES FETCH FIRST SQRT(64) ROWS ONLY;

EMPLOYEE_ID FIRST_NAME LAST_NAME  EMAIL      PHONE_NUMBER         HIRE_DATE JOB_ID         SALARY COMMISSION_PCT MANAGER_ID DEPARTMENT_ID                                                               
----------- ---------- ---------- ---------- -------------------- --------- ---------- ---------- -------------- ---------- -------------                                                               
        100 Steven     King       SKING      515.123.4567         17-JUL-87 AD_PRES         24000                                      90                                                               
        101 Neena      Kochhar    NKOCHHAR   515.123.4568         21-SEP-89 AD_VP           17000                       100            90                                                               
        102 Lex        De Haan    LDEHAAN    515.123.4569         13-JAN-93 AD_VP           17000                       100            90                                                               
        103 Alexander  Hunold     AHUNOLD    590.423.4567         03-JAN-90 IT_PROG          9000                       102            60                                                               
        104 Bruce      Ernst      BERNST     590.423.4568         21-MAY-91 IT_PROG          6000                       103            60                                                               
        107 Diana      Lorentz    DLORENTZ   590.423.5567         07-FEB-99 IT_PROG          4200                       103            60                                                               
        124 Kevin      Mourgos    KMOURGOS   650.123.5234         16-NOV-99 ST_MAN           5800                       100            50                                                               
        141 Trenna     Rajs       TRAJS      650.121.8009         17-OCT-95 ST_CLERK         3500                       124            50                                                               

8 rows selected.

SQL> SELECT * FROM EMPLOYEES FETCH FIRST POWER(2,3) ROWS ONLY;

EMPLOYEE_ID FIRST_NAME LAST_NAME  EMAIL      PHONE_NUMBER         HIRE_DATE JOB_ID         SALARY COMMISSION_PCT MANAGER_ID DEPARTMENT_ID                                                               
----------- ---------- ---------- ---------- -------------------- --------- ---------- ---------- -------------- ---------- -------------                                                               
        100 Steven     King       SKING      515.123.4567         17-JUL-87 AD_PRES         24000                                      90                                                               
        101 Neena      Kochhar    NKOCHHAR   515.123.4568         21-SEP-89 AD_VP           17000                       100            90                                                               
        102 Lex        De Haan    LDEHAAN    515.123.4569         13-JAN-93 AD_VP           17000                       100            90                                                               
        103 Alexander  Hunold     AHUNOLD    590.423.4567         03-JAN-90 IT_PROG          9000                       102            60                                                               
        104 Bruce      Ernst      BERNST     590.423.4568         21-MAY-91 IT_PROG          6000                       103            60                                                               
        107 Diana      Lorentz    DLORENTZ   590.423.5567         07-FEB-99 IT_PROG          4200                       103            60                                                               
        124 Kevin      Mourgos    KMOURGOS   650.123.5234         16-NOV-99 ST_MAN           5800                       100            50                                                               
        141 Trenna     Rajs       TRAJS      650.121.8009         17-OCT-95 ST_CLERK         3500                       124            50                                                               

8 rows selected.

SQL> REM 2 DISPLAYING ROWS FROM BOTTOM OF THE TABLE : OFFSET ...
SQL> 
SQL> REM DISPLAY LAST 7 ROWS OF TABLE
SQL> 
SQL> REM OFFSET = TOTAL - RESULT
SQL> 
SQL> REM OFFSET = 20 - 7 = 13
SQL> 
SQL> SELECT * FROM EMPLOYEES OFFSET 13 ROWS;

EMPLOYEE_ID FIRST_NAME LAST_NAME  EMAIL      PHONE_NUMBER         HIRE_DATE JOB_ID         SALARY COMMISSION_PCT MANAGER_ID DEPARTMENT_ID                                                               
----------- ---------- ---------- ---------- -------------------- --------- ---------- ---------- -------------- ---------- -------------                                                               
        176 Jonathon   Taylor     JTAYLOR    011.44.1644.429265   24-MAR-98 SA_REP           8600             .3        149            80                                                               
        178 Kimerely   Grant      KGRANT     011.44.1644.429263   24-MAY-99 SA_REP           7000            .15        149                                                                             
        200 Jennifer   Whalen     JWHALEN    515.123.4444         17-SEP-87 AD_ASST          4400                       101            10                                                               
        201 Michael    Hartstein  MHARTSTE   515.123.5555         17-FEB-96 MK_MAN          13000                       100            20                                                               
        202 Pat        Fay        PFAY       603.123.6666         17-AUG-97 MK_REP           6000                       201            20                                                               
        205 Shelley    Higgins    SHIGGINS   515.123.8080         07-JUN-94 AC_MGR          12000                       101           110                                                               
        206 William    Gietz      WGIETZ     515.123.8181         07-JUN-94 AC_ACCOUNT       8300                       205           110                                                               

7 rows selected.

SQL> SELECT * FROM EMPLOYEES OFFSET 13 ROW;

EMPLOYEE_ID FIRST_NAME LAST_NAME  EMAIL      PHONE_NUMBER         HIRE_DATE JOB_ID         SALARY COMMISSION_PCT MANAGER_ID DEPARTMENT_ID                                                               
----------- ---------- ---------- ---------- -------------------- --------- ---------- ---------- -------------- ---------- -------------                                                               
        176 Jonathon   Taylor     JTAYLOR    011.44.1644.429265   24-MAR-98 SA_REP           8600             .3        149            80                                                               
        178 Kimerely   Grant      KGRANT     011.44.1644.429263   24-MAY-99 SA_REP           7000            .15        149                                                                             
        200 Jennifer   Whalen     JWHALEN    515.123.4444         17-SEP-87 AD_ASST          4400                       101            10                                                               
        201 Michael    Hartstein  MHARTSTE   515.123.5555         17-FEB-96 MK_MAN          13000                       100            20                                                               
        202 Pat        Fay        PFAY       603.123.6666         17-AUG-97 MK_REP           6000                       201            20                                                               
        205 Shelley    Higgins    SHIGGINS   515.123.8080         07-JUN-94 AC_MGR          12000                       101           110                                                               
        206 William    Gietz      WGIETZ     515.123.8181         07-JUN-94 AC_ACCOUNT       8300                       205           110                                                               

7 rows selected.

SQL> SELECT * FROM EMPLOYEES OFFSET 6+7 ROW;

EMPLOYEE_ID FIRST_NAME LAST_NAME  EMAIL      PHONE_NUMBER         HIRE_DATE JOB_ID         SALARY COMMISSION_PCT MANAGER_ID DEPARTMENT_ID                                                               
----------- ---------- ---------- ---------- -------------------- --------- ---------- ---------- -------------- ---------- -------------                                                               
        176 Jonathon   Taylor     JTAYLOR    011.44.1644.429265   24-MAR-98 SA_REP           8600             .3        149            80                                                               
        178 Kimerely   Grant      KGRANT     011.44.1644.429263   24-MAY-99 SA_REP           7000            .15        149                                                                             
        200 Jennifer   Whalen     JWHALEN    515.123.4444         17-SEP-87 AD_ASST          4400                       101            10                                                               
        201 Michael    Hartstein  MHARTSTE   515.123.5555         17-FEB-96 MK_MAN          13000                       100            20                                                               
        202 Pat        Fay        PFAY       603.123.6666         17-AUG-97 MK_REP           6000                       201            20                                                               
        205 Shelley    Higgins    SHIGGINS   515.123.8080         07-JUN-94 AC_MGR          12000                       101           110                                                               
        206 William    Gietz      WGIETZ     515.123.8181         07-JUN-94 AC_ACCOUNT       8300                       205           110                                                               

7 rows selected.

SQL> SELECT * FROM EMPLOYEES OFFSET SQRT(49) ROW;

EMPLOYEE_ID FIRST_NAME LAST_NAME  EMAIL      PHONE_NUMBER         HIRE_DATE JOB_ID         SALARY COMMISSION_PCT MANAGER_ID DEPARTMENT_ID                                                               
----------- ---------- ---------- ---------- -------------------- --------- ---------- ---------- -------------- ---------- -------------                                                               
        141 Trenna     Rajs       TRAJS      650.121.8009         17-OCT-95 ST_CLERK         3500                       124            50                                                               
        142 Curtis     Davies     CDAVIES    650.121.2994         29-JAN-97 ST_CLERK         3100                       124            50                                                               
        143 Randall    Matos      RMATOS     650.121.2874         15-MAR-98 ST_CLERK         2600                       124            50                                                               
        144 Peter      Vargas     PVARGAS    650.121.2004         09-JUL-98 ST_CLERK         2500                       124            50                                                               
        149 Eleni      Zlotkey    EZLOTKEY   011.44.1344.429018   29-JAN-00 SA_MAN          10500             .2        100            80                                                               
        174 Ellen      Abel       EABEL      011.44.1644.429267   11-MAY-96 SA_REP          11000             .3        149            80                                                               
        176 Jonathon   Taylor     JTAYLOR    011.44.1644.429265   24-MAR-98 SA_REP           8600             .3        149            80                                                               
        178 Kimerely   Grant      KGRANT     011.44.1644.429263   24-MAY-99 SA_REP           7000            .15        149                                                                             
        200 Jennifer   Whalen     JWHALEN    515.123.4444         17-SEP-87 AD_ASST          4400                       101            10                                                               
        201 Michael    Hartstein  MHARTSTE   515.123.5555         17-FEB-96 MK_MAN          13000                       100            20                                                               
        202 Pat        Fay        PFAY       603.123.6666         17-AUG-97 MK_REP           6000                       201            20                                                               
        205 Shelley    Higgins    SHIGGINS   515.123.8080         07-JUN-94 AC_MGR          12000                       101           110                                                               
        206 William    Gietz      WGIETZ     515.123.8181         07-JUN-94 AC_ACCOUNT       8300                       205           110                                                               

13 rows selected.

SQL> SELECT * FROM EMPLOYEES OFFSET SQRT(169) ROW;

EMPLOYEE_ID FIRST_NAME LAST_NAME  EMAIL      PHONE_NUMBER         HIRE_DATE JOB_ID         SALARY COMMISSION_PCT MANAGER_ID DEPARTMENT_ID                                                               
----------- ---------- ---------- ---------- -------------------- --------- ---------- ---------- -------------- ---------- -------------                                                               
        176 Jonathon   Taylor     JTAYLOR    011.44.1644.429265   24-MAR-98 SA_REP           8600             .3        149            80                                                               
        178 Kimerely   Grant      KGRANT     011.44.1644.429263   24-MAY-99 SA_REP           7000            .15        149                                                                             
        200 Jennifer   Whalen     JWHALEN    515.123.4444         17-SEP-87 AD_ASST          4400                       101            10                                                               
        201 Michael    Hartstein  MHARTSTE   515.123.5555         17-FEB-96 MK_MAN          13000                       100            20                                                               
        202 Pat        Fay        PFAY       603.123.6666         17-AUG-97 MK_REP           6000                       201            20                                                               
        205 Shelley    Higgins    SHIGGINS   515.123.8080         07-JUN-94 AC_MGR          12000                       101           110                                                               
        206 William    Gietz      WGIETZ     515.123.8181         07-JUN-94 AC_ACCOUNT       8300                       205           110                                                               

7 rows selected.

SQL> REM OFFSET = TOTAL - RESULT
SQL> 
SQL> REM DISPLAY LAST 9 ROWS OF EMPLOYEES
SQL> 
SQL> SELECT * FROM EMPLOYEES OFFSET 11 ROWS;

EMPLOYEE_ID FIRST_NAME LAST_NAME  EMAIL      PHONE_NUMBER         HIRE_DATE JOB_ID         SALARY COMMISSION_PCT MANAGER_ID DEPARTMENT_ID                                                               
----------- ---------- ---------- ---------- -------------------- --------- ---------- ---------- -------------- ---------- -------------                                                               
        149 Eleni      Zlotkey    EZLOTKEY   011.44.1344.429018   29-JAN-00 SA_MAN          10500             .2        100            80                                                               
        174 Ellen      Abel       EABEL      011.44.1644.429267   11-MAY-96 SA_REP          11000             .3        149            80                                                               
        176 Jonathon   Taylor     JTAYLOR    011.44.1644.429265   24-MAR-98 SA_REP           8600             .3        149            80                                                               
        178 Kimerely   Grant      KGRANT     011.44.1644.429263   24-MAY-99 SA_REP           7000            .15        149                                                                             
        200 Jennifer   Whalen     JWHALEN    515.123.4444         17-SEP-87 AD_ASST          4400                       101            10                                                               
        201 Michael    Hartstein  MHARTSTE   515.123.5555         17-FEB-96 MK_MAN          13000                       100            20                                                               
        202 Pat        Fay        PFAY       603.123.6666         17-AUG-97 MK_REP           6000                       201            20                                                               
        205 Shelley    Higgins    SHIGGINS   515.123.8080         07-JUN-94 AC_MGR          12000                       101           110                                                               
        206 William    Gietz      WGIETZ     515.123.8181         07-JUN-94 AC_ACCOUNT       8300                       205           110                                                               

9 rows selected.

SQL> SELECT * FROM EMPLOYEES OFFSET COUNT(*) - 9 ROWS;
SELECT * FROM EMPLOYEES OFFSET COUNT(*) - 9 ROWS
                               *
ERROR at line 1:
ORA-00933: SQL command not properly ended 


SQL> SELECT * FROM EMPLOYEES OFFSET (SELECT COUNT(*) FROM EMPLOYEES) - 9 ROWS;

EMPLOYEE_ID FIRST_NAME LAST_NAME  EMAIL      PHONE_NUMBER         HIRE_DATE JOB_ID         SALARY COMMISSION_PCT MANAGER_ID DEPARTMENT_ID                                                               
----------- ---------- ---------- ---------- -------------------- --------- ---------- ---------- -------------- ---------- -------------                                                               
        149 Eleni      Zlotkey    EZLOTKEY   011.44.1344.429018   29-JAN-00 SA_MAN          10500             .2        100            80                                                               
        174 Ellen      Abel       EABEL      011.44.1644.429267   11-MAY-96 SA_REP          11000             .3        149            80                                                               
        176 Jonathon   Taylor     JTAYLOR    011.44.1644.429265   24-MAR-98 SA_REP           8600             .3        149            80                                                               
        178 Kimerely   Grant      KGRANT     011.44.1644.429263   24-MAY-99 SA_REP           7000            .15        149                                                                             
        200 Jennifer   Whalen     JWHALEN    515.123.4444         17-SEP-87 AD_ASST          4400                       101            10                                                               
        201 Michael    Hartstein  MHARTSTE   515.123.5555         17-FEB-96 MK_MAN          13000                       100            20                                                               
        202 Pat        Fay        PFAY       603.123.6666         17-AUG-97 MK_REP           6000                       201            20                                                               
        205 Shelley    Higgins    SHIGGINS   515.123.8080         07-JUN-94 AC_MGR          12000                       101           110                                                               
        206 William    Gietz      WGIETZ     515.123.8181         07-JUN-94 AC_ACCOUNT       8300                       205           110                                                               

9 rows selected.

SQL> REM DISPLAY LAST 9 ROWS/DISPLAY ALL ROWS STARTING WITH 12th ROW/DISPLAY ALL ROWS EXCEPT FIRST 11
SQL> 
SQL> REM DISPLAY ALL EXCEPT LAST 5
SQL> 
SQL> SELECT * FROM EMPLOYEES FETCH FIRST 15 ROWS ONLY;

EMPLOYEE_ID FIRST_NAME LAST_NAME  EMAIL      PHONE_NUMBER         HIRE_DATE JOB_ID         SALARY COMMISSION_PCT MANAGER_ID DEPARTMENT_ID                                                               
----------- ---------- ---------- ---------- -------------------- --------- ---------- ---------- -------------- ---------- -------------                                                               
        100 Steven     King       SKING      515.123.4567         17-JUL-87 AD_PRES         24000                                      90                                                               
        101 Neena      Kochhar    NKOCHHAR   515.123.4568         21-SEP-89 AD_VP           17000                       100            90                                                               
        102 Lex        De Haan    LDEHAAN    515.123.4569         13-JAN-93 AD_VP           17000                       100            90                                                               
        103 Alexander  Hunold     AHUNOLD    590.423.4567         03-JAN-90 IT_PROG          9000                       102            60                                                               
        104 Bruce      Ernst      BERNST     590.423.4568         21-MAY-91 IT_PROG          6000                       103            60                                                               
        107 Diana      Lorentz    DLORENTZ   590.423.5567         07-FEB-99 IT_PROG          4200                       103            60                                                               
        124 Kevin      Mourgos    KMOURGOS   650.123.5234         16-NOV-99 ST_MAN           5800                       100            50                                                               
        141 Trenna     Rajs       TRAJS      650.121.8009         17-OCT-95 ST_CLERK         3500                       124            50                                                               
        142 Curtis     Davies     CDAVIES    650.121.2994         29-JAN-97 ST_CLERK         3100                       124            50                                                               
        143 Randall    Matos      RMATOS     650.121.2874         15-MAR-98 ST_CLERK         2600                       124            50                                                               
        144 Peter      Vargas     PVARGAS    650.121.2004         09-JUL-98 ST_CLERK         2500                       124            50                                                               
        149 Eleni      Zlotkey    EZLOTKEY   011.44.1344.429018   29-JAN-00 SA_MAN          10500             .2        100            80                                                               
        174 Ellen      Abel       EABEL      011.44.1644.429267   11-MAY-96 SA_REP          11000             .3        149            80                                                               
        176 Jonathon   Taylor     JTAYLOR    011.44.1644.429265   24-MAR-98 SA_REP           8600             .3        149            80                                                               
        178 Kimerely   Grant      KGRANT     011.44.1644.429263   24-MAY-99 SA_REP           7000            .15        149                                                                             

15 rows selected.

SQL> REM DISPLAY ALL ROWS STARTING WITH 17th ROW
SQL> 
SQL> SELECT * FROM EMPLOYEES OFFSET 16 ROWS;

EMPLOYEE_ID FIRST_NAME LAST_NAME  EMAIL      PHONE_NUMBER         HIRE_DATE JOB_ID         SALARY COMMISSION_PCT MANAGER_ID DEPARTMENT_ID                                                               
----------- ---------- ---------- ---------- -------------------- --------- ---------- ---------- -------------- ---------- -------------                                                               
        201 Michael    Hartstein  MHARTSTE   515.123.5555         17-FEB-96 MK_MAN          13000                       100            20                                                               
        202 Pat        Fay        PFAY       603.123.6666         17-AUG-97 MK_REP           6000                       201            20                                                               
        205 Shelley    Higgins    SHIGGINS   515.123.8080         07-JUN-94 AC_MGR          12000                       101           110                                                               
        206 William    Gietz      WGIETZ     515.123.8181         07-JUN-94 AC_ACCOUNT       8300                       205           110                                                               

SQL> REM OFFSET : IT FIXES FIRST ROW OF RESULT
SQL> 
SQL> REM FETCH : IT FIXES COUNT OF ROWS IN RESULT
SQL> 
SQL> REM DISPLAY FIRST 9 ROWS
SQL> 
SQL> REM DISPLAY LAST 9 ROWS
SQL> 
SQL> REM DISPLAY ALL ROWS EXCEPT LAST 13 ROWS
SQL> 
SQL> SELECT * FROM EMPLOYEES FETCH FIRST 7 ROWS ONLY;

EMPLOYEE_ID FIRST_NAME LAST_NAME  EMAIL      PHONE_NUMBER         HIRE_DATE JOB_ID         SALARY COMMISSION_PCT MANAGER_ID DEPARTMENT_ID                                                               
----------- ---------- ---------- ---------- -------------------- --------- ---------- ---------- -------------- ---------- -------------                                                               
        100 Steven     King       SKING      515.123.4567         17-JUL-87 AD_PRES         24000                                      90                                                               
        101 Neena      Kochhar    NKOCHHAR   515.123.4568         21-SEP-89 AD_VP           17000                       100            90                                                               
        102 Lex        De Haan    LDEHAAN    515.123.4569         13-JAN-93 AD_VP           17000                       100            90                                                               
        103 Alexander  Hunold     AHUNOLD    590.423.4567         03-JAN-90 IT_PROG          9000                       102            60                                                               
        104 Bruce      Ernst      BERNST     590.423.4568         21-MAY-91 IT_PROG          6000                       103            60                                                               
        107 Diana      Lorentz    DLORENTZ   590.423.5567         07-FEB-99 IT_PROG          4200                       103            60                                                               
        124 Kevin      Mourgos    KMOURGOS   650.123.5234         16-NOV-99 ST_MAN           5800                       100            50                                                               

7 rows selected.

SQL> REM DISPLAY ALL ROWS STARTING WITH 17TH ROW
SQL> 
SQL> REM DISPLAY ALL ROWS OTHER THAN FIRST 8 ROWS
SQL> 
SQL> REM DISPLAY ALL ROWS STARING WITH 7th ROW
SQL> 
SQL> 
SQL> 
SQL> REM 3 DISPLAYING ROWS FROM MIDDLE OF THE TABLE : OFFSET ... FETCH ...
SQL> 
SQL> REM DISPLAY ALL ROWS BETWEEN 6 AND 18
SQL> 
SQL> REM DISPLAY ALL ROWS BETWEEN 6 - 18
SQL> 
SQL> REM DISPLAY ALL ROWS BETWEEN 6 TO 18
SQL> 
SQL> REM DISPLAY 13 ROWS STARING WITH 6th ROW
SQL> 
SQL> REM DISPLAY ALL ROWS EXCEPT : 1 TO 5 AND 19 TO 20
SQL> 
SQL> SELECT * FROM EMPLOYEES OFFSET 5 ROWS FETCH FIRST 13 ROWS ONLY;

EMPLOYEE_ID FIRST_NAME LAST_NAME  EMAIL      PHONE_NUMBER         HIRE_DATE JOB_ID         SALARY COMMISSION_PCT MANAGER_ID DEPARTMENT_ID                                                               
----------- ---------- ---------- ---------- -------------------- --------- ---------- ---------- -------------- ---------- -------------                                                               
        107 Diana      Lorentz    DLORENTZ   590.423.5567         07-FEB-99 IT_PROG          4200                       103            60                                                               
        124 Kevin      Mourgos    KMOURGOS   650.123.5234         16-NOV-99 ST_MAN           5800                       100            50                                                               
        141 Trenna     Rajs       TRAJS      650.121.8009         17-OCT-95 ST_CLERK         3500                       124            50                                                               
        142 Curtis     Davies     CDAVIES    650.121.2994         29-JAN-97 ST_CLERK         3100                       124            50                                                               
        143 Randall    Matos      RMATOS     650.121.2874         15-MAR-98 ST_CLERK         2600                       124            50                                                               
        144 Peter      Vargas     PVARGAS    650.121.2004         09-JUL-98 ST_CLERK         2500                       124            50                                                               
        149 Eleni      Zlotkey    EZLOTKEY   011.44.1344.429018   29-JAN-00 SA_MAN          10500             .2        100            80                                                               
        174 Ellen      Abel       EABEL      011.44.1644.429267   11-MAY-96 SA_REP          11000             .3        149            80                                                               
        176 Jonathon   Taylor     JTAYLOR    011.44.1644.429265   24-MAR-98 SA_REP           8600             .3        149            80                                                               
        178 Kimerely   Grant      KGRANT     011.44.1644.429263   24-MAY-99 SA_REP           7000            .15        149                                                                             
        200 Jennifer   Whalen     JWHALEN    515.123.4444         17-SEP-87 AD_ASST          4400                       101            10                                                               
        201 Michael    Hartstein  MHARTSTE   515.123.5555         17-FEB-96 MK_MAN          13000                       100            20                                                               
        202 Pat        Fay        PFAY       603.123.6666         17-AUG-97 MK_REP           6000                       201            20                                                               

13 rows selected.

SQL> REM OFFSET : START - 1
SQL> 
SQL> REM FETCH : LAST - OFFSET
SQL> 
SQL> 
SQL> REM OFFSET : START - 1 : 6 - 1 : 5
SQL> 
SQL> REM FETCH : LAST - OFFSET : 18 - 5 = 13
SQL> 
SQL> 
SQL> SELECT * FROM EMPLOYEES;

EMPLOYEE_ID FIRST_NAME LAST_NAME  EMAIL      PHONE_NUMBER         HIRE_DATE JOB_ID         SALARY COMMISSION_PCT MANAGER_ID DEPARTMENT_ID                                                               
----------- ---------- ---------- ---------- -------------------- --------- ---------- ---------- -------------- ---------- -------------                                                               
        100 Steven     King       SKING      515.123.4567         17-JUL-87 AD_PRES         24000                                      90                                                               
        101 Neena      Kochhar    NKOCHHAR   515.123.4568         21-SEP-89 AD_VP           17000                       100            90                                                               
        102 Lex        De Haan    LDEHAAN    515.123.4569         13-JAN-93 AD_VP           17000                       100            90                                                               
        103 Alexander  Hunold     AHUNOLD    590.423.4567         03-JAN-90 IT_PROG          9000                       102            60                                                               
        104 Bruce      Ernst      BERNST     590.423.4568         21-MAY-91 IT_PROG          6000                       103            60                                                               
        107 Diana      Lorentz    DLORENTZ   590.423.5567         07-FEB-99 IT_PROG          4200                       103            60                                                               
        124 Kevin      Mourgos    KMOURGOS   650.123.5234         16-NOV-99 ST_MAN           5800                       100            50                                                               
        141 Trenna     Rajs       TRAJS      650.121.8009         17-OCT-95 ST_CLERK         3500                       124            50                                                               
        142 Curtis     Davies     CDAVIES    650.121.2994         29-JAN-97 ST_CLERK         3100                       124            50                                                               
        143 Randall    Matos      RMATOS     650.121.2874         15-MAR-98 ST_CLERK         2600                       124            50                                                               
        144 Peter      Vargas     PVARGAS    650.121.2004         09-JUL-98 ST_CLERK         2500                       124            50                                                               
        149 Eleni      Zlotkey    EZLOTKEY   011.44.1344.429018   29-JAN-00 SA_MAN          10500             .2        100            80                                                               
        174 Ellen      Abel       EABEL      011.44.1644.429267   11-MAY-96 SA_REP          11000             .3        149            80                                                               
        176 Jonathon   Taylor     JTAYLOR    011.44.1644.429265   24-MAR-98 SA_REP           8600             .3        149            80                                                               
        178 Kimerely   Grant      KGRANT     011.44.1644.429263   24-MAY-99 SA_REP           7000            .15        149                                                                             
        200 Jennifer   Whalen     JWHALEN    515.123.4444         17-SEP-87 AD_ASST          4400                       101            10                                                               
        201 Michael    Hartstein  MHARTSTE   515.123.5555         17-FEB-96 MK_MAN          13000                       100            20                                                               
        202 Pat        Fay        PFAY       603.123.6666         17-AUG-97 MK_REP           6000                       201            20                                                               
        205 Shelley    Higgins    SHIGGINS   515.123.8080         07-JUN-94 AC_MGR          12000                       101           110                                                               
        206 William    Gietz      WGIETZ     515.123.8181         07-JUN-94 AC_ACCOUNT       8300                       205           110                                                               

20 rows selected.

SQL> SELECT * FROM EMPLOYEES OFFSET 5 ROWS FETCH FIRST 13 ROWS ONLY;

EMPLOYEE_ID FIRST_NAME LAST_NAME  EMAIL      PHONE_NUMBER         HIRE_DATE JOB_ID         SALARY COMMISSION_PCT MANAGER_ID DEPARTMENT_ID                                                               
----------- ---------- ---------- ---------- -------------------- --------- ---------- ---------- -------------- ---------- -------------                                                               
        107 Diana      Lorentz    DLORENTZ   590.423.5567         07-FEB-99 IT_PROG          4200                       103            60                                                               
        124 Kevin      Mourgos    KMOURGOS   650.123.5234         16-NOV-99 ST_MAN           5800                       100            50                                                               
        141 Trenna     Rajs       TRAJS      650.121.8009         17-OCT-95 ST_CLERK         3500                       124            50                                                               
        142 Curtis     Davies     CDAVIES    650.121.2994         29-JAN-97 ST_CLERK         3100                       124            50                                                               
        143 Randall    Matos      RMATOS     650.121.2874         15-MAR-98 ST_CLERK         2600                       124            50                                                               
        144 Peter      Vargas     PVARGAS    650.121.2004         09-JUL-98 ST_CLERK         2500                       124            50                                                               
        149 Eleni      Zlotkey    EZLOTKEY   011.44.1344.429018   29-JAN-00 SA_MAN          10500             .2        100            80                                                               
        174 Ellen      Abel       EABEL      011.44.1644.429267   11-MAY-96 SA_REP          11000             .3        149            80                                                               
        176 Jonathon   Taylor     JTAYLOR    011.44.1644.429265   24-MAR-98 SA_REP           8600             .3        149            80                                                               
        178 Kimerely   Grant      KGRANT     011.44.1644.429263   24-MAY-99 SA_REP           7000            .15        149                                                                             
        200 Jennifer   Whalen     JWHALEN    515.123.4444         17-SEP-87 AD_ASST          4400                       101            10                                                               
        201 Michael    Hartstein  MHARTSTE   515.123.5555         17-FEB-96 MK_MAN          13000                       100            20                                                               
        202 Pat        Fay        PFAY       603.123.6666         17-AUG-97 MK_REP           6000                       201            20                                                               

13 rows selected.

SQL>  REM DISPLAY ROWS 4 - 13
SQL> 
SQL> REM OFFSET = START - 1 : 4 - 1 = 3
SQL> 
SQL> REM FETCH = LAST - OFFSET : 13 - 3 = 10
SQL> 
SQL> SELECT * FROM EMPLOYEES OFFSET 3 ROWS FETCH FIRST 10 ROWS ONLY;

EMPLOYEE_ID FIRST_NAME LAST_NAME  EMAIL      PHONE_NUMBER         HIRE_DATE JOB_ID         SALARY COMMISSION_PCT MANAGER_ID DEPARTMENT_ID                                                               
----------- ---------- ---------- ---------- -------------------- --------- ---------- ---------- -------------- ---------- -------------                                                               
        103 Alexander  Hunold     AHUNOLD    590.423.4567         03-JAN-90 IT_PROG          9000                       102            60                                                               
        104 Bruce      Ernst      BERNST     590.423.4568         21-MAY-91 IT_PROG          6000                       103            60                                                               
        107 Diana      Lorentz    DLORENTZ   590.423.5567         07-FEB-99 IT_PROG          4200                       103            60                                                               
        124 Kevin      Mourgos    KMOURGOS   650.123.5234         16-NOV-99 ST_MAN           5800                       100            50                                                               
        141 Trenna     Rajs       TRAJS      650.121.8009         17-OCT-95 ST_CLERK         3500                       124            50                                                               
        142 Curtis     Davies     CDAVIES    650.121.2994         29-JAN-97 ST_CLERK         3100                       124            50                                                               
        143 Randall    Matos      RMATOS     650.121.2874         15-MAR-98 ST_CLERK         2600                       124            50                                                               
        144 Peter      Vargas     PVARGAS    650.121.2004         09-JUL-98 ST_CLERK         2500                       124            50                                                               
        149 Eleni      Zlotkey    EZLOTKEY   011.44.1344.429018   29-JAN-00 SA_MAN          10500             .2        100            80                                                               
        174 Ellen      Abel       EABEL      011.44.1644.429267   11-MAY-96 SA_REP          11000             .3        149            80                                                               

10 rows selected.

SQL> REM DISPLAY ROWS 5 - 12
SQL> 
SQL> REM OFFSET = START - 1 : 5 - 1 = 4
SQL> 
SQL> REM FETCH = LAST - OFFSET : 12 - 4 = 8
SQL> 
SQL> SELECT * FROM EMPLOYEES OFFSET 4 ROWS FETCH NEXT 8 ROWS ONLY;

EMPLOYEE_ID FIRST_NAME LAST_NAME  EMAIL      PHONE_NUMBER         HIRE_DATE JOB_ID         SALARY COMMISSION_PCT MANAGER_ID DEPARTMENT_ID                                                               
----------- ---------- ---------- ---------- -------------------- --------- ---------- ---------- -------------- ---------- -------------                                                               
        104 Bruce      Ernst      BERNST     590.423.4568         21-MAY-91 IT_PROG          6000                       103            60                                                               
        107 Diana      Lorentz    DLORENTZ   590.423.5567         07-FEB-99 IT_PROG          4200                       103            60                                                               
        124 Kevin      Mourgos    KMOURGOS   650.123.5234         16-NOV-99 ST_MAN           5800                       100            50                                                               
        141 Trenna     Rajs       TRAJS      650.121.8009         17-OCT-95 ST_CLERK         3500                       124            50                                                               
        142 Curtis     Davies     CDAVIES    650.121.2994         29-JAN-97 ST_CLERK         3100                       124            50                                                               
        143 Randall    Matos      RMATOS     650.121.2874         15-MAR-98 ST_CLERK         2600                       124            50                                                               
        144 Peter      Vargas     PVARGAS    650.121.2004         09-JUL-98 ST_CLERK         2500                       124            50                                                               
        149 Eleni      Zlotkey    EZLOTKEY   011.44.1344.429018   29-JAN-00 SA_MAN          10500             .2        100            80                                                               

8 rows selected.

SQL> REM DISPLAY 6 ROWS STARTING WITH 5th ROW
SQL> 
SQL> REM OFFSET = 5 -1 = 4
SQL> 
SQL> REM FETCH : 6
SQL> 
SQL> SELECT * FROM EMPLOYEES OFFSET 4 ROWS FETCH NEXT 6 ROWS ONLY;

EMPLOYEE_ID FIRST_NAME LAST_NAME  EMAIL      PHONE_NUMBER         HIRE_DATE JOB_ID         SALARY COMMISSION_PCT MANAGER_ID DEPARTMENT_ID                                                               
----------- ---------- ---------- ---------- -------------------- --------- ---------- ---------- -------------- ---------- -------------                                                               
        104 Bruce      Ernst      BERNST     590.423.4568         21-MAY-91 IT_PROG          6000                       103            60                                                               
        107 Diana      Lorentz    DLORENTZ   590.423.5567         07-FEB-99 IT_PROG          4200                       103            60                                                               
        124 Kevin      Mourgos    KMOURGOS   650.123.5234         16-NOV-99 ST_MAN           5800                       100            50                                                               
        141 Trenna     Rajs       TRAJS      650.121.8009         17-OCT-95 ST_CLERK         3500                       124            50                                                               
        142 Curtis     Davies     CDAVIES    650.121.2994         29-JAN-97 ST_CLERK         3100                       124            50                                                               
        143 Randall    Matos      RMATOS     650.121.2874         15-MAR-98 ST_CLERK         2600                       124            50                                                               

6 rows selected.

SQL> SELECT * FROM EMPLOYEES;

EMPLOYEE_ID FIRST_NAME LAST_NAME  EMAIL      PHONE_NUMBER         HIRE_DATE JOB_ID         SALARY COMMISSION_PCT MANAGER_ID DEPARTMENT_ID                                                               
----------- ---------- ---------- ---------- -------------------- --------- ---------- ---------- -------------- ---------- -------------                                                               
        100 Steven     King       SKING      515.123.4567         17-JUL-87 AD_PRES         24000                                      90                                                               
        101 Neena      Kochhar    NKOCHHAR   515.123.4568         21-SEP-89 AD_VP           17000                       100            90                                                               
        102 Lex        De Haan    LDEHAAN    515.123.4569         13-JAN-93 AD_VP           17000                       100            90                                                               
        103 Alexander  Hunold     AHUNOLD    590.423.4567         03-JAN-90 IT_PROG          9000                       102            60                                                               
        104 Bruce      Ernst      BERNST     590.423.4568         21-MAY-91 IT_PROG          6000                       103            60                                                               
        107 Diana      Lorentz    DLORENTZ   590.423.5567         07-FEB-99 IT_PROG          4200                       103            60                                                               
        124 Kevin      Mourgos    KMOURGOS   650.123.5234         16-NOV-99 ST_MAN           5800                       100            50                                                               
        141 Trenna     Rajs       TRAJS      650.121.8009         17-OCT-95 ST_CLERK         3500                       124            50                                                               
        142 Curtis     Davies     CDAVIES    650.121.2994         29-JAN-97 ST_CLERK         3100                       124            50                                                               
        143 Randall    Matos      RMATOS     650.121.2874         15-MAR-98 ST_CLERK         2600                       124            50                                                               
        144 Peter      Vargas     PVARGAS    650.121.2004         09-JUL-98 ST_CLERK         2500                       124            50                                                               
        149 Eleni      Zlotkey    EZLOTKEY   011.44.1344.429018   29-JAN-00 SA_MAN          10500             .2        100            80                                                               
        174 Ellen      Abel       EABEL      011.44.1644.429267   11-MAY-96 SA_REP          11000             .3        149            80                                                               
        176 Jonathon   Taylor     JTAYLOR    011.44.1644.429265   24-MAR-98 SA_REP           8600             .3        149            80                                                               
        178 Kimerely   Grant      KGRANT     011.44.1644.429263   24-MAY-99 SA_REP           7000            .15        149                                                                             
        200 Jennifer   Whalen     JWHALEN    515.123.4444         17-SEP-87 AD_ASST          4400                       101            10                                                               
        201 Michael    Hartstein  MHARTSTE   515.123.5555         17-FEB-96 MK_MAN          13000                       100            20                                                               
        202 Pat        Fay        PFAY       603.123.6666         17-AUG-97 MK_REP           6000                       201            20                                                               
        205 Shelley    Higgins    SHIGGINS   515.123.8080         07-JUN-94 AC_MGR          12000                       101           110                                                               
        206 William    Gietz      WGIETZ     515.123.8181         07-JUN-94 AC_ACCOUNT       8300                       205           110                                                               

20 rows selected.

SQL> REM DISPLAY ROWS EXCEPT : 1 TO 6 AND 11 TO 20
SQL> 
SQL> SELECT * FROM EMPLOYEES OFFSET 6 ROWS FETCH FIRST 4 ROWS ONLY;

EMPLOYEE_ID FIRST_NAME LAST_NAME  EMAIL      PHONE_NUMBER         HIRE_DATE JOB_ID         SALARY COMMISSION_PCT MANAGER_ID DEPARTMENT_ID                                                               
----------- ---------- ---------- ---------- -------------------- --------- ---------- ---------- -------------- ---------- -------------                                                               
        124 Kevin      Mourgos    KMOURGOS   650.123.5234         16-NOV-99 ST_MAN           5800                       100            50                                                               
        141 Trenna     Rajs       TRAJS      650.121.8009         17-OCT-95 ST_CLERK         3500                       124            50                                                               
        142 Curtis     Davies     CDAVIES    650.121.2994         29-JAN-97 ST_CLERK         3100                       124            50                                                               
        143 Randall    Matos      RMATOS     650.121.2874         15-MAR-98 ST_CLERK         2600                       124            50                                                               

SQL> REM 7 - 10
SQL> 
SQL> SELECT * FROM EMPLOYEES OFFSET 6 ROWS FETCH NEXT 4 ROWS ONLY;

EMPLOYEE_ID FIRST_NAME LAST_NAME  EMAIL      PHONE_NUMBER         HIRE_DATE JOB_ID         SALARY COMMISSION_PCT MANAGER_ID DEPARTMENT_ID                                                               
----------- ---------- ---------- ---------- -------------------- --------- ---------- ---------- -------------- ---------- -------------                                                               
        124 Kevin      Mourgos    KMOURGOS   650.123.5234         16-NOV-99 ST_MAN           5800                       100            50                                                               
        141 Trenna     Rajs       TRAJS      650.121.8009         17-OCT-95 ST_CLERK         3500                       124            50                                                               
        142 Curtis     Davies     CDAVIES    650.121.2994         29-JAN-97 ST_CLERK         3100                       124            50                                                               
        143 Randall    Matos      RMATOS     650.121.2874         15-MAR-98 ST_CLERK         2600                       124            50                                                               

SQL> REM DISPLAY 8 ROWS STARTING WITH 8th ROW
SQL> 
SQL> SELECT * FROM EMPLOYEES OFFSET 7 ROWS FETCH FIRST  8 ROWS ONLY;

EMPLOYEE_ID FIRST_NAME LAST_NAME  EMAIL      PHONE_NUMBER         HIRE_DATE JOB_ID         SALARY COMMISSION_PCT MANAGER_ID DEPARTMENT_ID                                                               
----------- ---------- ---------- ---------- -------------------- --------- ---------- ---------- -------------- ---------- -------------                                                               
        141 Trenna     Rajs       TRAJS      650.121.8009         17-OCT-95 ST_CLERK         3500                       124            50                                                               
        142 Curtis     Davies     CDAVIES    650.121.2994         29-JAN-97 ST_CLERK         3100                       124            50                                                               
        143 Randall    Matos      RMATOS     650.121.2874         15-MAR-98 ST_CLERK         2600                       124            50                                                               
        144 Peter      Vargas     PVARGAS    650.121.2004         09-JUL-98 ST_CLERK         2500                       124            50                                                               
        149 Eleni      Zlotkey    EZLOTKEY   011.44.1344.429018   29-JAN-00 SA_MAN          10500             .2        100            80                                                               
        174 Ellen      Abel       EABEL      011.44.1644.429267   11-MAY-96 SA_REP          11000             .3        149            80                                                               
        176 Jonathon   Taylor     JTAYLOR    011.44.1644.429265   24-MAR-98 SA_REP           8600             .3        149            80                                                               
        178 Kimerely   Grant      KGRANT     011.44.1644.429263   24-MAY-99 SA_REP           7000            .15        149                                                                             

8 rows selected.

SQL> REM TOP n ANALYSIS WITH ORDER BY CLAUSE
SQL> 
SQL> SELECT DEPARTMENT_ID , FIRST_NAME FROM EMPLOYEES ORDER BY 1;

DEPARTMENT_ID FIRST_NAME                                                                                                                                                                                
------------- ----------                                                                                                                                                                                
           10 Jennifer                                                                                                                                                                                  
           20 Michael                                                                                                                                                                                   
           20 Pat                                                                                                                                                                                       
           50 Kevin                                                                                                                                                                                     
           50 Peter                                                                                                                                                                                     
           50 Randall                                                                                                                                                                                   
           50 Curtis                                                                                                                                                                                    
           50 Trenna                                                                                                                                                                                    
           60 Diana                                                                                                                                                                                     
           60 Bruce                                                                                                                                                                                     
           60 Alexander                                                                                                                                                                                 
           80 Ellen                                                                                                                                                                                     
           80 Eleni                                                                                                                                                                                     
           80 Jonathon                                                                                                                                                                                  
           90 Lex                                                                                                                                                                                       
           90 Steven                                                                                                                                                                                    
           90 Neena                                                                                                                                                                                     
          110 William                                                                                                                                                                                   
          110 Shelley                                                                                                                                                                                   
              Kimerely                                                                                                                                                                                  

20 rows selected.

SQL> SELECT DEPARTMENT_ID , FIRST_NAME FROM EMPLOYEES ORDER BY 1 OFFSET 5 ROWS FETCH NEXT 5 ROWS ONLY;

DEPARTMENT_ID FIRST_NAME                                                                                                                                                                                
------------- ----------                                                                                                                                                                                
           50 Randall                                                                                                                                                                                   
           50 Curtis                                                                                                                                                                                    
           50 Trenna                                                                                                                                                                                    
           60 Alexander                                                                                                                                                                                 
           60 Bruce                                                                                                                                                                                     

SQL> SELECT JOB_ID , FIRST_NAME FROM EMPLOYEES ORDER BY 1;

JOB_ID     FIRST_NAME                                                                                                                                                                                   
---------- ----------                                                                                                                                                                                   
AC_ACCOUNT William                                                                                                                                                                                      
AC_MGR     Shelley                                                                                                                                                                                      
AD_ASST    Jennifer                                                                                                                                                                                     
AD_PRES    Steven                                                                                                                                                                                       
AD_VP      Lex                                                                                                                                                                                          
AD_VP      Neena                                                                                                                                                                                        
IT_PROG    Alexander                                                                                                                                                                                    
IT_PROG    Bruce                                                                                                                                                                                        
IT_PROG    Diana                                                                                                                                                                                        
MK_MAN     Michael                                                                                                                                                                                      
MK_REP     Pat                                                                                                                                                                                          
SA_MAN     Eleni                                                                                                                                                                                        
SA_REP     Ellen                                                                                                                                                                                        
SA_REP     Kimerely                                                                                                                                                                                     
SA_REP     Jonathon                                                                                                                                                                                     
ST_CLERK   Randall                                                                                                                                                                                      
ST_CLERK   Curtis                                                                                                                                                                                       
ST_CLERK   Trenna                                                                                                                                                                                       
ST_CLERK   Peter                                                                                                                                                                                        
ST_MAN     Kevin                                                                                                                                                                                        

20 rows selected.

SQL> SELECT JOB_ID , FIRST_NAME FROM EMPLOYEES ORDER BY 1 OFFSET 7 ROWS FETCH NEXT 7 ROWS ONLY;

JOB_ID     FIRST_NAME                                                                                                                                                                                   
---------- ----------                                                                                                                                                                                   
IT_PROG    Bruce                                                                                                                                                                                        
IT_PROG    Diana                                                                                                                                                                                        
MK_MAN     Michael                                                                                                                                                                                      
MK_REP     Pat                                                                                                                                                                                          
SA_MAN     Eleni                                                                                                                                                                                        
SA_REP     Ellen                                                                                                                                                                                        
SA_REP     Jonathon                                                                                                                                                                                     

7 rows selected.

SQL> SELECT JOB_ID , FIRST_NAME FROM EMPLOYEES ORDER BY 1 DESC;

JOB_ID     FIRST_NAME                                                                                                                                                                                   
---------- ----------                                                                                                                                                                                   
ST_MAN     Kevin                                                                                                                                                                                        
ST_CLERK   Trenna                                                                                                                                                                                       
ST_CLERK   Peter                                                                                                                                                                                        
ST_CLERK   Randall                                                                                                                                                                                      
ST_CLERK   Curtis                                                                                                                                                                                       
SA_REP     Ellen                                                                                                                                                                                        
SA_REP     Jonathon                                                                                                                                                                                     
SA_REP     Kimerely                                                                                                                                                                                     
SA_MAN     Eleni                                                                                                                                                                                        
MK_REP     Pat                                                                                                                                                                                          
MK_MAN     Michael                                                                                                                                                                                      
IT_PROG    Bruce                                                                                                                                                                                        
IT_PROG    Alexander                                                                                                                                                                                    
IT_PROG    Diana                                                                                                                                                                                        
AD_VP      Lex                                                                                                                                                                                          
AD_VP      Neena                                                                                                                                                                                        
AD_PRES    Steven                                                                                                                                                                                       
AD_ASST    Jennifer                                                                                                                                                                                     
AC_MGR     Shelley                                                                                                                                                                                      
AC_ACCOUNT William                                                                                                                                                                                      

20 rows selected.

SQL> SELECT JOB_ID , FIRST_NAME FROM EMPLOYEES ORDER BY 1 DESC OFFSET 3 ROWS FETCH NEXT 4 ROWS ONLY;

JOB_ID     FIRST_NAME                                                                                                                                                                                   
---------- ----------                                                                                                                                                                                   
ST_CLERK   Randall                                                                                                                                                                                      
ST_CLERK   Curtis                                                                                                                                                                                       
SA_REP     Ellen                                                                                                                                                                                        
SA_REP     Jonathon                                                                                                                                                                                     

SQL> SELECT JOB_ID , FIRST_NAME FROM EMPLOYEES ORDER BY 1 DESC;

JOB_ID     FIRST_NAME                                                                                                                                                                                   
---------- ----------                                                                                                                                                                                   
ST_MAN     Kevin                                                                                                                                                                                        
ST_CLERK   Trenna                                                                                                                                                                                       
ST_CLERK   Peter                                                                                                                                                                                        
ST_CLERK   Randall                                                                                                                                                                                      
ST_CLERK   Curtis                                                                                                                                                                                       
SA_REP     Ellen                                                                                                                                                                                        
SA_REP     Jonathon                                                                                                                                                                                     
SA_REP     Kimerely                                                                                                                                                                                     
SA_MAN     Eleni                                                                                                                                                                                        
MK_REP     Pat                                                                                                                                                                                          
MK_MAN     Michael                                                                                                                                                                                      
IT_PROG    Bruce                                                                                                                                                                                        
IT_PROG    Alexander                                                                                                                                                                                    
IT_PROG    Diana                                                                                                                                                                                        
AD_VP      Lex                                                                                                                                                                                          
AD_VP      Neena                                                                                                                                                                                        
AD_PRES    Steven                                                                                                                                                                                       
AD_ASST    Jennifer                                                                                                                                                                                     
AC_MGR     Shelley                                                                                                                                                                                      
AC_ACCOUNT William                                                                                                                                                                                      

20 rows selected.

SQL> SELECT JOB_ID , FIRST_NAME FROM EMPLOYEES ORDER BY 1 DESC OFFSET 6 ROWS FETCH NEXT 7 ROWS ONLY;

JOB_ID     FIRST_NAME                                                                                                                                                                                   
---------- ----------                                                                                                                                                                                   
SA_REP     Kimerely                                                                                                                                                                                     
SA_REP     Jonathon                                                                                                                                                                                     
SA_MAN     Eleni                                                                                                                                                                                        
MK_REP     Pat                                                                                                                                                                                          
MK_MAN     Michael                                                                                                                                                                                      
IT_PROG    Alexander                                                                                                                                                                                    
IT_PROG    Bruce                                                                                                                                                                                        

7 rows selected.

SQL> SELECT DEPARTMENT_ID , FIRST_NAME FROM EMPLOYEES ORDER BY 1;

DEPARTMENT_ID FIRST_NAME                                                                                                                                                                                
------------- ----------                                                                                                                                                                                
           10 Jennifer                                                                                                                                                                                  
           20 Michael                                                                                                                                                                                   
           20 Pat                                                                                                                                                                                       
           50 Kevin                                                                                                                                                                                     
           50 Peter                                                                                                                                                                                     
           50 Randall                                                                                                                                                                                   
           50 Curtis                                                                                                                                                                                    
           50 Trenna                                                                                                                                                                                    
           60 Diana                                                                                                                                                                                     
           60 Bruce                                                                                                                                                                                     
           60 Alexander                                                                                                                                                                                 
           80 Ellen                                                                                                                                                                                     
           80 Eleni                                                                                                                                                                                     
           80 Jonathon                                                                                                                                                                                  
           90 Lex                                                                                                                                                                                       
           90 Steven                                                                                                                                                                                    
           90 Neena                                                                                                                                                                                     
          110 William                                                                                                                                                                                   
          110 Shelley                                                                                                                                                                                   
              Kimerely                                                                                                                                                                                  

20 rows selected.

SQL> SELECT DEPARTMENT_ID , FIRST_NAME FROM EMPLOYEES ORDER BY 1 OFFSET 5 ROWS FETCH NEXT 5 ROWS ONLY;

DEPARTMENT_ID FIRST_NAME                                                                                                                                                                                
------------- ----------                                                                                                                                                                                
           50 Randall                                                                                                                                                                                   
           50 Curtis                                                                                                                                                                                    
           50 Trenna                                                                                                                                                                                    
           60 Alexander                                                                                                                                                                                 
           60 Bruce                                                                                                                                                                                     

SQL> SELECT DEPARTMENT_ID , FIRST_NAME FROM EMPLOYEES ORDER BY 1 OFFSET 5 ROWS FETCH NEXT 5 ROWS WITH TIES;

DEPARTMENT_ID FIRST_NAME                                                                                                                                                                                
------------- ----------                                                                                                                                                                                
           50 Randall                                                                                                                                                                                   
           50 Curtis                                                                                                                                                                                    
           50 Trenna                                                                                                                                                                                    
           60 Alexander                                                                                                                                                                                 
           60 Diana                                                                                                                                                                                     
           60 Bruce                                                                                                                                                                                     

6 rows selected.

SQL> SELECT DEPARTMENT_ID , FIRST_NAME FROM EMPLOYEES ORDER BY 1 OFFSET 5 ROWS FETCH NEXT 5 ROWS ONLY;

DEPARTMENT_ID FIRST_NAME                                                                                                                                                                                
------------- ----------                                                                                                                                                                                
           50 Randall                                                                                                                                                                                   
           50 Curtis                                                                                                                                                                                    
           50 Trenna                                                                                                                                                                                    
           60 Alexander                                                                                                                                                                                 
           60 Bruce                                                                                                                                                                                     

SQL> SELECT JOB_ID , FIRST_NAME FROM EMPLOYEES ORDER BY 1 OFFSET 7 ROWS FETCH NEXT 7 ROWS ONLY;

JOB_ID     FIRST_NAME                                                                                                                                                                                   
---------- ----------                                                                                                                                                                                   
IT_PROG    Bruce                                                                                                                                                                                        
IT_PROG    Diana                                                                                                                                                                                        
MK_MAN     Michael                                                                                                                                                                                      
MK_REP     Pat                                                                                                                                                                                          
SA_MAN     Eleni                                                                                                                                                                                        
SA_REP     Ellen                                                                                                                                                                                        
SA_REP     Jonathon                                                                                                                                                                                     

7 rows selected.

SQL> SELECT JOB_ID , FIRST_NAME FROM EMPLOYEES ORDER BY 1 DESC;

JOB_ID     FIRST_NAME                                                                                                                                                                                   
---------- ----------                                                                                                                                                                                   
ST_MAN     Kevin                                                                                                                                                                                        
ST_CLERK   Trenna                                                                                                                                                                                       
ST_CLERK   Peter                                                                                                                                                                                        
ST_CLERK   Randall                                                                                                                                                                                      
ST_CLERK   Curtis                                                                                                                                                                                       
SA_REP     Ellen                                                                                                                                                                                        
SA_REP     Jonathon                                                                                                                                                                                     
SA_REP     Kimerely                                                                                                                                                                                     
SA_MAN     Eleni                                                                                                                                                                                        
MK_REP     Pat                                                                                                                                                                                          
MK_MAN     Michael                                                                                                                                                                                      
IT_PROG    Bruce                                                                                                                                                                                        
IT_PROG    Alexander                                                                                                                                                                                    
IT_PROG    Diana                                                                                                                                                                                        
AD_VP      Lex                                                                                                                                                                                          
AD_VP      Neena                                                                                                                                                                                        
AD_PRES    Steven                                                                                                                                                                                       
AD_ASST    Jennifer                                                                                                                                                                                     
AC_MGR     Shelley                                                                                                                                                                                      
AC_ACCOUNT William                                                                                                                                                                                      

20 rows selected.

SQL> SELECT JOB_ID , FIRST_NAME FROM EMPLOYEES ORDER BY 1 OFFSET 7 ROWS FETCH NEXT 7 ROWS ONLY;

JOB_ID     FIRST_NAME                                                                                                                                                                                   
---------- ----------                                                                                                                                                                                   
IT_PROG    Bruce                                                                                                                                                                                        
IT_PROG    Diana                                                                                                                                                                                        
MK_MAN     Michael                                                                                                                                                                                      
MK_REP     Pat                                                                                                                                                                                          
SA_MAN     Eleni                                                                                                                                                                                        
SA_REP     Ellen                                                                                                                                                                                        
SA_REP     Jonathon                                                                                                                                                                                     

7 rows selected.

SQL> SELECT DEPARTMENT_ID , FIRST_NAME FROM EMPLOYEES ORDER BY 1 DESC;

DEPARTMENT_ID FIRST_NAME                                                                                                                                                                                
------------- ----------                                                                                                                                                                                
              Kimerely                                                                                                                                                                                  
          110 Shelley                                                                                                                                                                                   
          110 William                                                                                                                                                                                   
           90 Lex                                                                                                                                                                                       
           90 Steven                                                                                                                                                                                    
           90 Neena                                                                                                                                                                                     
           80 Ellen                                                                                                                                                                                     
           80 Jonathon                                                                                                                                                                                  
           80 Eleni                                                                                                                                                                                     
           60 Bruce                                                                                                                                                                                     
           60 Alexander                                                                                                                                                                                 
           60 Diana                                                                                                                                                                                     
           50 Curtis                                                                                                                                                                                    
           50 Trenna                                                                                                                                                                                    
           50 Kevin                                                                                                                                                                                     
           50 Peter                                                                                                                                                                                     
           50 Randall                                                                                                                                                                                   
           20 Michael                                                                                                                                                                                   
           20 Pat                                                                                                                                                                                       
           10 Jennifer                                                                                                                                                                                  

20 rows selected.

SQL> SELECT DEPARTMENT_ID , FIRST_NAME FROM EMPLOYEES ORDER BY 1 DESC OFFSET 4 ROWS FETCH NEXT 6 ROWS WITH TIES;

DEPARTMENT_ID FIRST_NAME                                                                                                                                                                                
------------- ----------                                                                                                                                                                                
           90 Neena                                                                                                                                                                                     
           90 Lex                                                                                                                                                                                       
           80 Eleni                                                                                                                                                                                     
           80 Jonathon                                                                                                                                                                                  
           80 Ellen                                                                                                                                                                                     
           60 Alexander                                                                                                                                                                                 
           60 Bruce                                                                                                                                                                                     
           60 Diana                                                                                                                                                                                     

8 rows selected.

SQL> SELECT DEPARTMENT_ID , JOB_ID , FIRST_NAME FROM EMPLOYEES ORDER BY 1,2;

DEPARTMENT_ID JOB_ID     FIRST_NAME                                                                                                                                                                     
------------- ---------- ----------                                                                                                                                                                     
           10 AD_ASST    Jennifer                                                                                                                                                                       
           20 MK_MAN     Michael                                                                                                                                                                        
           20 MK_REP     Pat                                                                                                                                                                            
           50 ST_CLERK   Trenna                                                                                                                                                                         
           50 ST_CLERK   Peter                                                                                                                                                                          
           50 ST_CLERK   Randall                                                                                                                                                                        
           50 ST_CLERK   Curtis                                                                                                                                                                         
           50 ST_MAN     Kevin                                                                                                                                                                          
           60 IT_PROG    Diana                                                                                                                                                                          
           60 IT_PROG    Bruce                                                                                                                                                                          
           60 IT_PROG    Alexander                                                                                                                                                                      
           80 SA_MAN     Eleni                                                                                                                                                                          
           80 SA_REP     Ellen                                                                                                                                                                          
           80 SA_REP     Jonathon                                                                                                                                                                       
           90 AD_PRES    Steven                                                                                                                                                                         
           90 AD_VP      Lex                                                                                                                                                                            
           90 AD_VP      Neena                                                                                                                                                                          
          110 AC_ACCOUNT William                                                                                                                                                                        
          110 AC_MGR     Shelley                                                                                                                                                                        
              SA_REP     Kimerely                                                                                                                                                                       

20 rows selected.

SQL> SELECT DEPARTMENT_ID , JOB_ID , FIRST_NAME FROM EMPLOYEES ORDER BY 1,2 OFFSET 5 ROWS FETCH NEXT 7 ROWS WITH TIES;

DEPARTMENT_ID JOB_ID     FIRST_NAME                                                                                                                                                                     
------------- ---------- ----------                                                                                                                                                                     
           50 ST_CLERK   Randall                                                                                                                                                                        
           50 ST_CLERK   Curtis                                                                                                                                                                         
           50 ST_MAN     Kevin                                                                                                                                                                          
           60 IT_PROG    Alexander                                                                                                                                                                      
           60 IT_PROG    Diana                                                                                                                                                                          
           60 IT_PROG    Bruce                                                                                                                                                                          
           80 SA_MAN     Eleni                                                                                                                                                                          

7 rows selected.

SQL> SELECT DEPARTMENT_ID || JOB_ID , FIRST_NAME FROM EMPLOYEES ORDER BY 1;

DEPARTMENT_ID||JOB_ID                              FIRST_NAME                                                                                                                                           
-------------------------------------------------- ----------                                                                                                                                           
10AD_ASST                                          Jennifer                                                                                                                                             
110AC_ACCOUNT                                      William                                                                                                                                              
110AC_MGR                                          Shelley                                                                                                                                              
20MK_MAN                                           Michael                                                                                                                                              
20MK_REP                                           Pat                                                                                                                                                  
50ST_CLERK                                         Randall                                                                                                                                              
50ST_CLERK                                         Peter                                                                                                                                                
50ST_CLERK                                         Curtis                                                                                                                                               
50ST_CLERK                                         Trenna                                                                                                                                               
50ST_MAN                                           Kevin                                                                                                                                                
60IT_PROG                                          Diana                                                                                                                                                
60IT_PROG                                          Alexander                                                                                                                                            
60IT_PROG                                          Bruce                                                                                                                                                
80SA_MAN                                           Eleni                                                                                                                                                
80SA_REP                                           Ellen                                                                                                                                                
80SA_REP                                           Jonathon                                                                                                                                             
90AD_PRES                                          Steven                                                                                                                                               
90AD_VP                                            Neena                                                                                                                                                
90AD_VP                                            Lex                                                                                                                                                  
SA_REP                                             Kimerely                                                                                                                                             

20 rows selected.

SQL> SELECT DEPARTMENT_ID || JOB_ID , FIRST_NAME FROM EMPLOYEES ORDER BY 1 OFFSET 5 ROWS FETCH NEXT 7 ROWS WITH TIES;

DEPARTMENT_ID||JOB_ID                              FIRST_NAME                                                                                                                                           
-------------------------------------------------- ----------                                                                                                                                           
50ST_CLERK                                         Trenna                                                                                                                                               
50ST_CLERK                                         Peter                                                                                                                                                
50ST_CLERK                                         Randall                                                                                                                                              
50ST_CLERK                                         Curtis                                                                                                                                               
50ST_MAN                                           Kevin                                                                                                                                                
60IT_PROG                                          Alexander                                                                                                                                            
60IT_PROG                                          Diana                                                                                                                                                
60IT_PROG                                          Bruce                                                                                                                                                

8 rows selected.

SQL> SPOOL OFF
