SQL> 
SQL> REM LIST OF CHARACTER MANIPULATION FUNCTIONS : CONCAT  LPAD RPAD  LTRIM RTRIM TRIM  LENGTH  TRANSLATE REPLACE  SUBSTR INSTR
SQL> 
SQL> REM CONCAT : TAKES TWO ARGUMENTS, IT WILL CLUB/JOIN BOTH ARGUMENTS.
SQL> 
SQL> SET LINES 200 PAGES 24
SQL> 
SQL> SELECT FIRST_NAME , LAST_NAME FROM EMPLOYEES;

FIRST_NAME LAST_NAME                                                                                                                                                                                    
---------- ----------                                                                                                                                                                                   
Steven     King                                                                                                                                                                                         
Neena      Kochhar                                                                                                                                                                                      
Lex        De Haan                                                                                                                                                                                      
Alexander  Hunold                                                                                                                                                                                       
Bruce      Ernst                                                                                                                                                                                        
Diana      Lorentz                                                                                                                                                                                      
Kevin      Mourgos                                                                                                                                                                                      
Trenna     Rajs                                                                                                                                                                                         
Curtis     Davies                                                                                                                                                                                       
Randall    Matos                                                                                                                                                                                        
Peter      Vargas                                                                                                                                                                                       
Eleni      Zlotkey                                                                                                                                                                                      
Ellen      Abel                                                                                                                                                                                         
Jonathon   Taylor                                                                                                                                                                                       
Kimerely   Grant                                                                                                                                                                                        
Jennifer   Whalen                                                                                                                                                                                       
Michael    Hartstein                                                                                                                                                                                    
Pat        Fay                                                                                                                                                                                          
Shelley    Higgins                                                                                                                                                                                      
William    Gietz                                                                                                                                                                                        

20 rows selected.

SQL> SELECT FIRST_NAME || LAST_NAME FROM EMPLOYEES;

FIRST_NAME||LAST_NAM                                                                                                                                                                                    
--------------------                                                                                                                                                                                    
StevenKing                                                                                                                                                                                              
NeenaKochhar                                                                                                                                                                                            
LexDe Haan                                                                                                                                                                                              
AlexanderHunold                                                                                                                                                                                         
BruceErnst                                                                                                                                                                                              
DianaLorentz                                                                                                                                                                                            
KevinMourgos                                                                                                                                                                                            
TrennaRajs                                                                                                                                                                                              
CurtisDavies                                                                                                                                                                                            
RandallMatos                                                                                                                                                                                            
PeterVargas                                                                                                                                                                                             
EleniZlotkey                                                                                                                                                                                            
EllenAbel                                                                                                                                                                                               
JonathonTaylor                                                                                                                                                                                          
KimerelyGrant                                                                                                                                                                                           
JenniferWhalen                                                                                                                                                                                          
MichaelHartstein                                                                                                                                                                                        
PatFay                                                                                                                                                                                                  
ShelleyHiggins                                                                                                                                                                                          
WilliamGietz                                                                                                                                                                                            

20 rows selected.

SQL> SELECT FIRST_NAME || LAST_NAME "FULL NAME" FROM EMPLOYEES;

FULL NAME                                                                                                                                                                                               
--------------------                                                                                                                                                                                    
StevenKing                                                                                                                                                                                              
NeenaKochhar                                                                                                                                                                                            
LexDe Haan                                                                                                                                                                                              
AlexanderHunold                                                                                                                                                                                         
BruceErnst                                                                                                                                                                                              
DianaLorentz                                                                                                                                                                                            
KevinMourgos                                                                                                                                                                                            
TrennaRajs                                                                                                                                                                                              
CurtisDavies                                                                                                                                                                                            
RandallMatos                                                                                                                                                                                            
PeterVargas                                                                                                                                                                                             
EleniZlotkey                                                                                                                                                                                            
EllenAbel                                                                                                                                                                                               
JonathonTaylor                                                                                                                                                                                          
KimerelyGrant                                                                                                                                                                                           
JenniferWhalen                                                                                                                                                                                          
MichaelHartstein                                                                                                                                                                                        
PatFay                                                                                                                                                                                                  
ShelleyHiggins                                                                                                                                                                                          
WilliamGietz                                                                                                                                                                                            

20 rows selected.

SQL> SELECT CONCAT(FIRST_NAME , LAST_NAME) "FULL NAME" FROM EMPLOYEES;

FULL NAME                                                                                                                                                                                               
--------------------                                                                                                                                                                                    
StevenKing                                                                                                                                                                                              
NeenaKochhar                                                                                                                                                                                            
LexDe Haan                                                                                                                                                                                              
AlexanderHunold                                                                                                                                                                                         
BruceErnst                                                                                                                                                                                              
DianaLorentz                                                                                                                                                                                            
KevinMourgos                                                                                                                                                                                            
TrennaRajs                                                                                                                                                                                              
CurtisDavies                                                                                                                                                                                            
RandallMatos                                                                                                                                                                                            
PeterVargas                                                                                                                                                                                             
EleniZlotkey                                                                                                                                                                                            
EllenAbel                                                                                                                                                                                               
JonathonTaylor                                                                                                                                                                                          
KimerelyGrant                                                                                                                                                                                           
JenniferWhalen                                                                                                                                                                                          
MichaelHartstein                                                                                                                                                                                        
PatFay                                                                                                                                                                                                  
ShelleyHiggins                                                                                                                                                                                          
WilliamGietz                                                                                                                                                                                            

20 rows selected.

SQL> SELECT FIRST_NAME || ' ' || LAST_NAME "FULL NAME" FROM EMPLOYEES;

FULL NAME                                                                                                                                                                                               
---------------------                                                                                                                                                                                   
Steven King                                                                                                                                                                                             
Neena Kochhar                                                                                                                                                                                           
Lex De Haan                                                                                                                                                                                             
Alexander Hunold                                                                                                                                                                                        
Bruce Ernst                                                                                                                                                                                             
Diana Lorentz                                                                                                                                                                                           
Kevin Mourgos                                                                                                                                                                                           
Trenna Rajs                                                                                                                                                                                             
Curtis Davies                                                                                                                                                                                           
Randall Matos                                                                                                                                                                                           
Peter Vargas                                                                                                                                                                                            
Eleni Zlotkey                                                                                                                                                                                           
Ellen Abel                                                                                                                                                                                              
Jonathon Taylor                                                                                                                                                                                         
Kimerely Grant                                                                                                                                                                                          
Jennifer Whalen                                                                                                                                                                                         
Michael Hartstein                                                                                                                                                                                       
Pat Fay                                                                                                                                                                                                 
Shelley Higgins                                                                                                                                                                                         
William Gietz                                                                                                                                                                                           

20 rows selected.

SQL> SELECT CONCAT(FIRST_NAME , ' ' , LAST_NAME) "FULL NAME" FROM EMPLOYEES;
SELECT CONCAT(FIRST_NAME , ' ' , LAST_NAME) "FULL NAME" FROM EMPLOYEES
       *
ERROR at line 1:
ORA-00909: invalid number of arguments 


SQL> SELECT CONCAT(FIRST_NAME || ' ' , LAST_NAME) "FULL NAME" FROM EMPLOYEES;

FULL NAME                                                                                                                                                                                               
---------------------                                                                                                                                                                                   
Steven King                                                                                                                                                                                             
Neena Kochhar                                                                                                                                                                                           
Lex De Haan                                                                                                                                                                                             
Alexander Hunold                                                                                                                                                                                        
Bruce Ernst                                                                                                                                                                                             
Diana Lorentz                                                                                                                                                                                           
Kevin Mourgos                                                                                                                                                                                           
Trenna Rajs                                                                                                                                                                                             
Curtis Davies                                                                                                                                                                                           
Randall Matos                                                                                                                                                                                           
Peter Vargas                                                                                                                                                                                            
Eleni Zlotkey                                                                                                                                                                                           
Ellen Abel                                                                                                                                                                                              
Jonathon Taylor                                                                                                                                                                                         
Kimerely Grant                                                                                                                                                                                          
Jennifer Whalen                                                                                                                                                                                         
Michael Hartstein                                                                                                                                                                                       
Pat Fay                                                                                                                                                                                                 
Shelley Higgins                                                                                                                                                                                         
William Gietz                                                                                                                                                                                           

20 rows selected.

SQL> SELECT CONCAT(FIRST_NAME , ' ' || LAST_NAME) "FULL NAME" FROM EMPLOYEES;

FULL NAME                                                                                                                                                                                               
---------------------                                                                                                                                                                                   
Steven King                                                                                                                                                                                             
Neena Kochhar                                                                                                                                                                                           
Lex De Haan                                                                                                                                                                                             
Alexander Hunold                                                                                                                                                                                        
Bruce Ernst                                                                                                                                                                                             
Diana Lorentz                                                                                                                                                                                           
Kevin Mourgos                                                                                                                                                                                           
Trenna Rajs                                                                                                                                                                                             
Curtis Davies                                                                                                                                                                                           
Randall Matos                                                                                                                                                                                           
Peter Vargas                                                                                                                                                                                            
Eleni Zlotkey                                                                                                                                                                                           
Ellen Abel                                                                                                                                                                                              
Jonathon Taylor                                                                                                                                                                                         
Kimerely Grant                                                                                                                                                                                          
Jennifer Whalen                                                                                                                                                                                         
Michael Hartstein                                                                                                                                                                                       
Pat Fay                                                                                                                                                                                                 
Shelley Higgins                                                                                                                                                                                         
William Gietz                                                                                                                                                                                           

20 rows selected.

SQL> SELECT CONCAT(FIRST_NAME , CONCAT(' ' , LAST_NAME)) "FULL NAME" FROM EMPLOYEES;

FULL NAME                                                                                                                                                                                               
---------------------                                                                                                                                                                                   
Steven King                                                                                                                                                                                             
Neena Kochhar                                                                                                                                                                                           
Lex De Haan                                                                                                                                                                                             
Alexander Hunold                                                                                                                                                                                        
Bruce Ernst                                                                                                                                                                                             
Diana Lorentz                                                                                                                                                                                           
Kevin Mourgos                                                                                                                                                                                           
Trenna Rajs                                                                                                                                                                                             
Curtis Davies                                                                                                                                                                                           
Randall Matos                                                                                                                                                                                           
Peter Vargas                                                                                                                                                                                            
Eleni Zlotkey                                                                                                                                                                                           
Ellen Abel                                                                                                                                                                                              
Jonathon Taylor                                                                                                                                                                                         
Kimerely Grant                                                                                                                                                                                          
Jennifer Whalen                                                                                                                                                                                         
Michael Hartstein                                                                                                                                                                                       
Pat Fay                                                                                                                                                                                                 
Shelley Higgins                                                                                                                                                                                         
William Gietz                                                                                                                                                                                           

20 rows selected.

SQL> SELECT CONCAT(FIRST_NAME , ' ') , LAST_NAME) "FULL NAME" FROM EMPLOYEES;
SELECT CONCAT(FIRST_NAME , ' ') , LAST_NAME) "FULL NAME" FROM EMPLOYEES
                                           *
ERROR at line 1:
ORA-00923: FROM keyword not found where expected 


SQL> SELECT CONCAT(CONCAT(FIRST_NAME , ' ') , LAST_NAME) "FULL NAME" FROM EMPLOYEES;

FULL NAME                                                                                                                                                                                               
---------------------                                                                                                                                                                                   
Steven King                                                                                                                                                                                             
Neena Kochhar                                                                                                                                                                                           
Lex De Haan                                                                                                                                                                                             
Alexander Hunold                                                                                                                                                                                        
Bruce Ernst                                                                                                                                                                                             
Diana Lorentz                                                                                                                                                                                           
Kevin Mourgos                                                                                                                                                                                           
Trenna Rajs                                                                                                                                                                                             
Curtis Davies                                                                                                                                                                                           
Randall Matos                                                                                                                                                                                           
Peter Vargas                                                                                                                                                                                            
Eleni Zlotkey                                                                                                                                                                                           
Ellen Abel                                                                                                                                                                                              
Jonathon Taylor                                                                                                                                                                                         
Kimerely Grant                                                                                                                                                                                          
Jennifer Whalen                                                                                                                                                                                         
Michael Hartstein                                                                                                                                                                                       
Pat Fay                                                                                                                                                                                                 
Shelley Higgins                                                                                                                                                                                         
William Gietz                                                                                                                                                                                           

20 rows selected.

SQL> SELECT CONCAT(FIRST_NAME,CONCAT(LAST_NAME,CONCAT(SALARY,HIRE_DATE))) FROM EMPLOYEES;

CONCAT(FIRST_NAME,CONCAT(LAST_NAME,CONCAT(SALARY,HIRE_DATE)))                                                                                                                                           
------------------------------------------------------------------------------                                                                                                                          
StevenKing2400017-JUL-87                                                                                                                                                                                
NeenaKochhar1700021-SEP-89                                                                                                                                                                              
LexDe Haan1700013-JAN-93                                                                                                                                                                                
AlexanderHunold900003-JAN-90                                                                                                                                                                            
BruceErnst600021-MAY-91                                                                                                                                                                                 
DianaLorentz420007-FEB-99                                                                                                                                                                               
KevinMourgos580016-NOV-99                                                                                                                                                                               
TrennaRajs350017-OCT-95                                                                                                                                                                                 
CurtisDavies310029-JAN-97                                                                                                                                                                               
RandallMatos260015-MAR-98                                                                                                                                                                               
PeterVargas250009-JUL-98                                                                                                                                                                                
EleniZlotkey1050029-JAN-00                                                                                                                                                                              
EllenAbel1100011-MAY-96                                                                                                                                                                                 
JonathonTaylor860024-MAR-98                                                                                                                                                                             
KimerelyGrant700024-MAY-99                                                                                                                                                                              
JenniferWhalen440017-SEP-87                                                                                                                                                                             
MichaelHartstein1300017-FEB-96                                                                                                                                                                          
PatFay600017-AUG-97                                                                                                                                                                                     
ShelleyHiggins1200007-JUN-94                                                                                                                                                                            
WilliamGietz830007-JUN-94                                                                                                                                                                               

20 rows selected.

SQL> REM LPAD : TO ADD SOME CHARACTERS TO THE LEFT OF INPUT
SQL> 
SQL> SELECT SALARY , LPAD(SALARY,10,'*') FROM EMPLOYEES;

    SALARY LPAD(SALARY,10,'*')                                                                                                                                                                          
---------- ----------------------------------------                                                                                                                                                     
     24000 *****24000                                                                                                                                                                                   
     17000 *****17000                                                                                                                                                                                   
     17000 *****17000                                                                                                                                                                                   
      9000 ******9000                                                                                                                                                                                   
      6000 ******6000                                                                                                                                                                                   
      4200 ******4200                                                                                                                                                                                   
      5800 ******5800                                                                                                                                                                                   
      3500 ******3500                                                                                                                                                                                   
      3100 ******3100                                                                                                                                                                                   
      2600 ******2600                                                                                                                                                                                   
      2500 ******2500                                                                                                                                                                                   
     10500 *****10500                                                                                                                                                                                   
     11000 *****11000                                                                                                                                                                                   
      8600 ******8600                                                                                                                                                                                   
      7000 ******7000                                                                                                                                                                                   
      4400 ******4400                                                                                                                                                                                   
     13000 *****13000                                                                                                                                                                                   
      6000 ******6000                                                                                                                                                                                   
     12000 *****12000                                                                                                                                                                                   
      8300 ******8300                                                                                                                                                                                   

20 rows selected.

SQL> SELECT SALARY , LPAD(SALARY,10,'*+') FROM EMPLOYEES;

    SALARY LPAD(SALARY,10,'*+')                                                                                                                                                                         
---------- ----------------------------------------                                                                                                                                                     
     24000 *+*+*24000                                                                                                                                                                                   
     17000 *+*+*17000                                                                                                                                                                                   
     17000 *+*+*17000                                                                                                                                                                                   
      9000 *+*+*+9000                                                                                                                                                                                   
      6000 *+*+*+6000                                                                                                                                                                                   
      4200 *+*+*+4200                                                                                                                                                                                   
      5800 *+*+*+5800                                                                                                                                                                                   
      3500 *+*+*+3500                                                                                                                                                                                   
      3100 *+*+*+3100                                                                                                                                                                                   
      2600 *+*+*+2600                                                                                                                                                                                   
      2500 *+*+*+2500                                                                                                                                                                                   
     10500 *+*+*10500                                                                                                                                                                                   
     11000 *+*+*11000                                                                                                                                                                                   
      8600 *+*+*+8600                                                                                                                                                                                   
      7000 *+*+*+7000                                                                                                                                                                                   
      4400 *+*+*+4400                                                                                                                                                                                   
     13000 *+*+*13000                                                                                                                                                                                   
      6000 *+*+*+6000                                                                                                                                                                                   
     12000 *+*+*12000                                                                                                                                                                                   
      8300 *+*+*+8300                                                                                                                                                                                   

20 rows selected.

SQL> SELECT SALARY , LPAD(SALARY,5,'*') FROM EMPLOYEES;

    SALARY LPAD(SALARY,5,'*')                                                                                                                                                                           
---------- --------------------                                                                                                                                                                         
     24000 24000                                                                                                                                                                                        
     17000 17000                                                                                                                                                                                        
     17000 17000                                                                                                                                                                                        
      9000 *9000                                                                                                                                                                                        
      6000 *6000                                                                                                                                                                                        
      4200 *4200                                                                                                                                                                                        
      5800 *5800                                                                                                                                                                                        
      3500 *3500                                                                                                                                                                                        
      3100 *3100                                                                                                                                                                                        
      2600 *2600                                                                                                                                                                                        
      2500 *2500                                                                                                                                                                                        
     10500 10500                                                                                                                                                                                        
     11000 11000                                                                                                                                                                                        
      8600 *8600                                                                                                                                                                                        
      7000 *7000                                                                                                                                                                                        
      4400 *4400                                                                                                                                                                                        
     13000 13000                                                                                                                                                                                        
      6000 *6000                                                                                                                                                                                        
     12000 12000                                                                                                                                                                                        
      8300 *8300                                                                                                                                                                                        

20 rows selected.

SQL> SELECT SALARY , LPAD(SALARY,4,'*') FROM EMPLOYEES;

    SALARY LPAD(SALARY,4,'*                                                                                                                                                                             
---------- ----------------                                                                                                                                                                             
     24000 2400                                                                                                                                                                                         
     17000 1700                                                                                                                                                                                         
     17000 1700                                                                                                                                                                                         
      9000 9000                                                                                                                                                                                         
      6000 6000                                                                                                                                                                                         
      4200 4200                                                                                                                                                                                         
      5800 5800                                                                                                                                                                                         
      3500 3500                                                                                                                                                                                         
      3100 3100                                                                                                                                                                                         
      2600 2600                                                                                                                                                                                         
      2500 2500                                                                                                                                                                                         
     10500 1050                                                                                                                                                                                         
     11000 1100                                                                                                                                                                                         
      8600 8600                                                                                                                                                                                         
      7000 7000                                                                                                                                                                                         
      4400 4400                                                                                                                                                                                         
     13000 1300                                                                                                                                                                                         
      6000 6000                                                                                                                                                                                         
     12000 1200                                                                                                                                                                                         
      8300 8300                                                                                                                                                                                         

20 rows selected.

SQL> SELECT SALARY , LPAD(SALARY,15) FROM EMPLOYEES;

    SALARY LPAD(SALARY,15)                                                                                                                                                                              
---------- ------------------------------------------------------------                                                                                                                                 
     24000           24000                                                                                                                                                                              
     17000           17000                                                                                                                                                                              
     17000           17000                                                                                                                                                                              
      9000            9000                                                                                                                                                                              
      6000            6000                                                                                                                                                                              
      4200            4200                                                                                                                                                                              
      5800            5800                                                                                                                                                                              
      3500            3500                                                                                                                                                                              
      3100            3100                                                                                                                                                                              
      2600            2600                                                                                                                                                                              
      2500            2500                                                                                                                                                                              
     10500           10500                                                                                                                                                                              
     11000           11000                                                                                                                                                                              
      8600            8600                                                                                                                                                                              
      7000            7000                                                                                                                                                                              
      4400            4400                                                                                                                                                                              
     13000           13000                                                                                                                                                                              
      6000            6000                                                                                                                                                                              
     12000           12000                                                                                                                                                                              
      8300            8300                                                                                                                                                                              

20 rows selected.

SQL> SELECT FIRST_NAME , LPAD(FIRST_NAME,15) FROM EMPLOYEES;

FIRST_NAME LPAD(FIRST_NAME,15)                                                                                                                                                                          
---------- ------------------------------------------------------------                                                                                                                                 
Steven              Steven                                                                                                                                                                              
Neena                Neena                                                                                                                                                                              
Lex                    Lex                                                                                                                                                                              
Alexander        Alexander                                                                                                                                                                              
Bruce                Bruce                                                                                                                                                                              
Diana                Diana                                                                                                                                                                              
Kevin                Kevin                                                                                                                                                                              
Trenna              Trenna                                                                                                                                                                              
Curtis              Curtis                                                                                                                                                                              
Randall            Randall                                                                                                                                                                              
Peter                Peter                                                                                                                                                                              
Eleni                Eleni                                                                                                                                                                              
Ellen                Ellen                                                                                                                                                                              
Jonathon          Jonathon                                                                                                                                                                              
Kimerely          Kimerely                                                                                                                                                                              
Jennifer          Jennifer                                                                                                                                                                              
Michael            Michael                                                                                                                                                                              
Pat                    Pat                                                                                                                                                                              
Shelley            Shelley                                                                                                                                                                              
William            William                                                                                                                                                                              

20 rows selected.

SQL> REM RPAD : TO ADD SOME CHARACTERS TO THE RIGHT OF INPUT
SQL> 
SQL> SELECT SALARY , RPAD(SALARY,10,'*') FROM EMPLOYEES;

    SALARY RPAD(SALARY,10,'*')                                                                                                                                                                          
---------- ----------------------------------------                                                                                                                                                     
     24000 24000*****                                                                                                                                                                                   
     17000 17000*****                                                                                                                                                                                   
     17000 17000*****                                                                                                                                                                                   
      9000 9000******                                                                                                                                                                                   
      6000 6000******                                                                                                                                                                                   
      4200 4200******                                                                                                                                                                                   
      5800 5800******                                                                                                                                                                                   
      3500 3500******                                                                                                                                                                                   
      3100 3100******                                                                                                                                                                                   
      2600 2600******                                                                                                                                                                                   
      2500 2500******                                                                                                                                                                                   
     10500 10500*****                                                                                                                                                                                   
     11000 11000*****                                                                                                                                                                                   
      8600 8600******                                                                                                                                                                                   
      7000 7000******                                                                                                                                                                                   
      4400 4400******                                                                                                                                                                                   
     13000 13000*****                                                                                                                                                                                   
      6000 6000******                                                                                                                                                                                   
     12000 12000*****                                                                                                                                                                                   
      8300 8300******                                                                                                                                                                                   

20 rows selected.

SQL> SELECT SALARY , RPAD(SALARY,10,'*=') FROM EMPLOYEES;

    SALARY RPAD(SALARY,10,'*=')                                                                                                                                                                         
---------- ----------------------------------------                                                                                                                                                     
     24000 24000*=*=*                                                                                                                                                                                   
     17000 17000*=*=*                                                                                                                                                                                   
     17000 17000*=*=*                                                                                                                                                                                   
      9000 9000*=*=*=                                                                                                                                                                                   
      6000 6000*=*=*=                                                                                                                                                                                   
      4200 4200*=*=*=                                                                                                                                                                                   
      5800 5800*=*=*=                                                                                                                                                                                   
      3500 3500*=*=*=                                                                                                                                                                                   
      3100 3100*=*=*=                                                                                                                                                                                   
      2600 2600*=*=*=                                                                                                                                                                                   
      2500 2500*=*=*=                                                                                                                                                                                   
     10500 10500*=*=*                                                                                                                                                                                   
     11000 11000*=*=*                                                                                                                                                                                   
      8600 8600*=*=*=                                                                                                                                                                                   
      7000 7000*=*=*=                                                                                                                                                                                   
      4400 4400*=*=*=                                                                                                                                                                                   
     13000 13000*=*=*                                                                                                                                                                                   
      6000 6000*=*=*=                                                                                                                                                                                   
     12000 12000*=*=*                                                                                                                                                                                   
      8300 8300*=*=*=                                                                                                                                                                                   

20 rows selected.

SQL> SELECT SALARY , RPAD(SALARY,5,'*=') FROM EMPLOYEES;

    SALARY RPAD(SALARY,5,'*=')                                                                                                                                                                          
---------- --------------------                                                                                                                                                                         
     24000 24000                                                                                                                                                                                        
     17000 17000                                                                                                                                                                                        
     17000 17000                                                                                                                                                                                        
      9000 9000*                                                                                                                                                                                        
      6000 6000*                                                                                                                                                                                        
      4200 4200*                                                                                                                                                                                        
      5800 5800*                                                                                                                                                                                        
      3500 3500*                                                                                                                                                                                        
      3100 3100*                                                                                                                                                                                        
      2600 2600*                                                                                                                                                                                        
      2500 2500*                                                                                                                                                                                        
     10500 10500                                                                                                                                                                                        
     11000 11000                                                                                                                                                                                        
      8600 8600*                                                                                                                                                                                        
      7000 7000*                                                                                                                                                                                        
      4400 4400*                                                                                                                                                                                        
     13000 13000                                                                                                                                                                                        
      6000 6000*                                                                                                                                                                                        
     12000 12000                                                                                                                                                                                        
      8300 8300*                                                                                                                                                                                        

20 rows selected.

SQL> SELECT SALARY , RPAD(SALARY,4,'*=') FROM EMPLOYEES;

    SALARY RPAD(SALARY,4,'*                                                                                                                                                                             
---------- ----------------                                                                                                                                                                             
     24000 2400                                                                                                                                                                                         
     17000 1700                                                                                                                                                                                         
     17000 1700                                                                                                                                                                                         
      9000 9000                                                                                                                                                                                         
      6000 6000                                                                                                                                                                                         
      4200 4200                                                                                                                                                                                         
      5800 5800                                                                                                                                                                                         
      3500 3500                                                                                                                                                                                         
      3100 3100                                                                                                                                                                                         
      2600 2600                                                                                                                                                                                         
      2500 2500                                                                                                                                                                                         
     10500 1050                                                                                                                                                                                         
     11000 1100                                                                                                                                                                                         
      8600 8600                                                                                                                                                                                         
      7000 7000                                                                                                                                                                                         
      4400 4400                                                                                                                                                                                         
     13000 1300                                                                                                                                                                                         
      6000 6000                                                                                                                                                                                         
     12000 1200                                                                                                                                                                                         
      8300 8300                                                                                                                                                                                         

20 rows selected.

SQL> REM WE CAN NEST FUNCTION UPTO INFINITE LIMITS.
SQL> 
SQL> SELECT HIRE_DATE FROM EMPLOYEES;

HIRE_DATE                                                                                                                                                                                               
---------                                                                                                                                                                                               
17-JUL-87                                                                                                                                                                                               
21-SEP-89                                                                                                                                                                                               
13-JAN-93                                                                                                                                                                                               
03-JAN-90                                                                                                                                                                                               
21-MAY-91                                                                                                                                                                                               
07-FEB-99                                                                                                                                                                                               
16-NOV-99                                                                                                                                                                                               
17-OCT-95                                                                                                                                                                                               
29-JAN-97                                                                                                                                                                                               
15-MAR-98                                                                                                                                                                                               
09-JUL-98                                                                                                                                                                                               
29-JAN-00                                                                                                                                                                                               
11-MAY-96                                                                                                                                                                                               
24-MAR-98                                                                                                                                                                                               
24-MAY-99                                                                                                                                                                                               
17-SEP-87                                                                                                                                                                                               
17-FEB-96                                                                                                                                                                                               
17-AUG-97                                                                                                                                                                                               
07-JUN-94                                                                                                                                                                                               
07-JUN-94                                                                                                                                                                                               

20 rows selected.

SQL> REM --17-JUL-87+++
SQL> 
SQL> 1 || 2 CONCAT 3 LPAD/RPAD
SQL> 
SQL> SELECT '--' || HIRE_DATE || '+++' FROM EMPLOYEES;

'--'||HIRE_DATE||'+++'                                                                                                                                                                                  
-----------------------                                                                                                                                                                                 
--17-JUL-87+++                                                                                                                                                                                          
--21-SEP-89+++                                                                                                                                                                                          
--13-JAN-93+++                                                                                                                                                                                          
--03-JAN-90+++                                                                                                                                                                                          
--21-MAY-91+++                                                                                                                                                                                          
--07-FEB-99+++                                                                                                                                                                                          
--16-NOV-99+++                                                                                                                                                                                          
--17-OCT-95+++                                                                                                                                                                                          
--29-JAN-97+++                                                                                                                                                                                          
--15-MAR-98+++                                                                                                                                                                                          
--09-JUL-98+++                                                                                                                                                                                          
--29-JAN-00+++                                                                                                                                                                                          
--11-MAY-96+++                                                                                                                                                                                          
--24-MAR-98+++                                                                                                                                                                                          
--24-MAY-99+++                                                                                                                                                                                          
--17-SEP-87+++                                                                                                                                                                                          
--17-FEB-96+++                                                                                                                                                                                          
--17-AUG-97+++                                                                                                                                                                                          
--07-JUN-94+++                                                                                                                                                                                          
--07-JUN-94+++                                                                                                                                                                                          

20 rows selected.

SQL> SELECT CONCAT('--', CONCAT(HIRE_DATE , '+++')) FROM EMPLOYEES;

CONCAT('--',CONCAT(HIRE                                                                                                                                                                                 
-----------------------                                                                                                                                                                                 
--17-JUL-87+++                                                                                                                                                                                          
--21-SEP-89+++                                                                                                                                                                                          
--13-JAN-93+++                                                                                                                                                                                          
--03-JAN-90+++                                                                                                                                                                                          
--21-MAY-91+++                                                                                                                                                                                          
--07-FEB-99+++                                                                                                                                                                                          
--16-NOV-99+++                                                                                                                                                                                          
--17-OCT-95+++                                                                                                                                                                                          
--29-JAN-97+++                                                                                                                                                                                          
--15-MAR-98+++                                                                                                                                                                                          
--09-JUL-98+++                                                                                                                                                                                          
--29-JAN-00+++                                                                                                                                                                                          
--11-MAY-96+++                                                                                                                                                                                          
--24-MAR-98+++                                                                                                                                                                                          
--24-MAY-99+++                                                                                                                                                                                          
--17-SEP-87+++                                                                                                                                                                                          
--17-FEB-96+++                                                                                                                                                                                          
--17-AUG-97+++                                                                                                                                                                                          
--07-JUN-94+++                                                                                                                                                                                          
--07-JUN-94+++                                                                                                                                                                                          

20 rows selected.

SQL> SELECT RPAD(LPAD(HIRE_DATE,11,'-'),14,'+') FROM EMPLOYEES;

RPAD(LPAD(HIRE_DATE,11,'-'),14,'+')                                                                                                                                                                     
--------------------------------------------------------                                                                                                                                                
--17-JUL-87+++                                                                                                                                                                                          
--21-SEP-89+++                                                                                                                                                                                          
--13-JAN-93+++                                                                                                                                                                                          
--03-JAN-90+++                                                                                                                                                                                          
--21-MAY-91+++                                                                                                                                                                                          
--07-FEB-99+++                                                                                                                                                                                          
--16-NOV-99+++                                                                                                                                                                                          
--17-OCT-95+++                                                                                                                                                                                          
--29-JAN-97+++                                                                                                                                                                                          
--15-MAR-98+++                                                                                                                                                                                          
--09-JUL-98+++                                                                                                                                                                                          
--29-JAN-00+++                                                                                                                                                                                          
--11-MAY-96+++                                                                                                                                                                                          
--24-MAR-98+++                                                                                                                                                                                          
--24-MAY-99+++                                                                                                                                                                                          
--17-SEP-87+++                                                                                                                                                                                          
--17-FEB-96+++                                                                                                                                                                                          
--17-AUG-97+++                                                                                                                                                                                          
--07-JUN-94+++                                                                                                                                                                                          
--07-JUN-94+++                                                                                                                                                                                          

20 rows selected.

SQL> REM LTRIM : TO TRIM/REMOVE SERIES OF CHARACTERS FROM THE LEFT
SQL> 
SQL> SELECT HIRE_DATE FROM EMPLOYEES;

HIRE_DATE                                                                                                                                                                                               
---------                                                                                                                                                                                               
17-JUL-87                                                                                                                                                                                               
21-SEP-89                                                                                                                                                                                               
13-JAN-93                                                                                                                                                                                               
03-JAN-90                                                                                                                                                                                               
21-MAY-91                                                                                                                                                                                               
07-FEB-99                                                                                                                                                                                               
16-NOV-99                                                                                                                                                                                               
17-OCT-95                                                                                                                                                                                               
29-JAN-97                                                                                                                                                                                               
15-MAR-98                                                                                                                                                                                               
09-JUL-98                                                                                                                                                                                               
29-JAN-00                                                                                                                                                                                               
11-MAY-96                                                                                                                                                                                               
24-MAR-98                                                                                                                                                                                               
24-MAY-99                                                                                                                                                                                               
17-SEP-87                                                                                                                                                                                               
17-FEB-96                                                                                                                                                                                               
17-AUG-97                                                                                                                                                                                               
07-JUN-94                                                                                                                                                                                               
07-JUN-94                                                                                                                                                                                               

20 rows selected.

SQL> SELECT HIRE_DATE , LTRIM(HIRE_DATE,'1') FROM EMPLOYEES;

HIRE_DATE LTRIM(HIRE_DATE,'1                                                                                                                                                                            
--------- ------------------                                                                                                                                                                            
17-JUL-87 7-JUL-87                                                                                                                                                                                      
21-SEP-89 21-SEP-89                                                                                                                                                                                     
13-JAN-93 3-JAN-93                                                                                                                                                                                      
03-JAN-90 03-JAN-90                                                                                                                                                                                     
21-MAY-91 21-MAY-91                                                                                                                                                                                     
07-FEB-99 07-FEB-99                                                                                                                                                                                     
16-NOV-99 6-NOV-99                                                                                                                                                                                      
17-OCT-95 7-OCT-95                                                                                                                                                                                      
29-JAN-97 29-JAN-97                                                                                                                                                                                     
15-MAR-98 5-MAR-98                                                                                                                                                                                      
09-JUL-98 09-JUL-98                                                                                                                                                                                     
29-JAN-00 29-JAN-00                                                                                                                                                                                     
11-MAY-96 -MAY-96                                                                                                                                                                                       
24-MAR-98 24-MAR-98                                                                                                                                                                                     
24-MAY-99 24-MAY-99                                                                                                                                                                                     
17-SEP-87 7-SEP-87                                                                                                                                                                                      
17-FEB-96 7-FEB-96                                                                                                                                                                                      
17-AUG-97 7-AUG-97                                                                                                                                                                                      
07-JUN-94 07-JUN-94                                                                                                                                                                                     
07-JUN-94 07-JUN-94                                                                                                                                                                                     

20 rows selected.

SQL> SELECT HIRE_DATE , LTRIM(HIRE_DATE,'71') FROM EMPLOYEES;

HIRE_DATE LTRIM(HIRE_DATE,'7                                                                                                                                                                            
--------- ------------------                                                                                                                                                                            
17-JUL-87 -JUL-87                                                                                                                                                                                       
21-SEP-89 21-SEP-89                                                                                                                                                                                     
13-JAN-93 3-JAN-93                                                                                                                                                                                      
03-JAN-90 03-JAN-90                                                                                                                                                                                     
21-MAY-91 21-MAY-91                                                                                                                                                                                     
07-FEB-99 07-FEB-99                                                                                                                                                                                     
16-NOV-99 6-NOV-99                                                                                                                                                                                      
17-OCT-95 -OCT-95                                                                                                                                                                                       
29-JAN-97 29-JAN-97                                                                                                                                                                                     
15-MAR-98 5-MAR-98                                                                                                                                                                                      
09-JUL-98 09-JUL-98                                                                                                                                                                                     
29-JAN-00 29-JAN-00                                                                                                                                                                                     
11-MAY-96 -MAY-96                                                                                                                                                                                       
24-MAR-98 24-MAR-98                                                                                                                                                                                     
24-MAY-99 24-MAY-99                                                                                                                                                                                     
17-SEP-87 -SEP-87                                                                                                                                                                                       
17-FEB-96 -FEB-96                                                                                                                                                                                       
17-AUG-97 -AUG-97                                                                                                                                                                                       
07-JUN-94 07-JUN-94                                                                                                                                                                                     
07-JUN-94 07-JUN-94                                                                                                                                                                                     

20 rows selected.

SQL> REM JUL-87
SQL> REM SEP-89
SQL> 
SQL> REM JUN-94
SQL> 
SQL> SELECT HIRE_DATE , LTRIM(HIRE_DATE,'1234567890-') FROM EMPLOYEES;

HIRE_DATE LTRIM(HIRE_DATE,'1                                                                                                                                                                            
--------- ------------------                                                                                                                                                                            
17-JUL-87 JUL-87                                                                                                                                                                                        
21-SEP-89 SEP-89                                                                                                                                                                                        
13-JAN-93 JAN-93                                                                                                                                                                                        
03-JAN-90 JAN-90                                                                                                                                                                                        
21-MAY-91 MAY-91                                                                                                                                                                                        
07-FEB-99 FEB-99                                                                                                                                                                                        
16-NOV-99 NOV-99                                                                                                                                                                                        
17-OCT-95 OCT-95                                                                                                                                                                                        
29-JAN-97 JAN-97                                                                                                                                                                                        
15-MAR-98 MAR-98                                                                                                                                                                                        
09-JUL-98 JUL-98                                                                                                                                                                                        
29-JAN-00 JAN-00                                                                                                                                                                                        
11-MAY-96 MAY-96                                                                                                                                                                                        
24-MAR-98 MAR-98                                                                                                                                                                                        
24-MAY-99 MAY-99                                                                                                                                                                                        
17-SEP-87 SEP-87                                                                                                                                                                                        
17-FEB-96 FEB-96                                                                                                                                                                                        
17-AUG-97 AUG-97                                                                                                                                                                                        
07-JUN-94 JUN-94                                                                                                                                                                                        
07-JUN-94 JUN-94                                                                                                                                                                                        

20 rows selected.

SQL> REM RTRIM : TO TRIM/REMOVE SERIES OF CHARACTERS FROM THE RIGHT
SQL> 
SQL> SELECT HIRE_DATE , LTRIM(HIRE_DATE,'9') FROM EMPLOYEES;

HIRE_DATE LTRIM(HIRE_DATE,'9                                                                                                                                                                            
--------- ------------------                                                                                                                                                                            
17-JUL-87 17-JUL-87                                                                                                                                                                                     
21-SEP-89 21-SEP-89                                                                                                                                                                                     
13-JAN-93 13-JAN-93                                                                                                                                                                                     
03-JAN-90 03-JAN-90                                                                                                                                                                                     
21-MAY-91 21-MAY-91                                                                                                                                                                                     
07-FEB-99 07-FEB-99                                                                                                                                                                                     
16-NOV-99 16-NOV-99                                                                                                                                                                                     
17-OCT-95 17-OCT-95                                                                                                                                                                                     
29-JAN-97 29-JAN-97                                                                                                                                                                                     
15-MAR-98 15-MAR-98                                                                                                                                                                                     
09-JUL-98 09-JUL-98                                                                                                                                                                                     
29-JAN-00 29-JAN-00                                                                                                                                                                                     
11-MAY-96 11-MAY-96                                                                                                                                                                                     
24-MAR-98 24-MAR-98                                                                                                                                                                                     
24-MAY-99 24-MAY-99                                                                                                                                                                                     
17-SEP-87 17-SEP-87                                                                                                                                                                                     
17-FEB-96 17-FEB-96                                                                                                                                                                                     
17-AUG-97 17-AUG-97                                                                                                                                                                                     
07-JUN-94 07-JUN-94                                                                                                                                                                                     
07-JUN-94 07-JUN-94                                                                                                                                                                                     

20 rows selected.

SQL> SELECT HIRE_DATE , RTRIM(HIRE_DATE,'9') FROM EMPLOYEES;

HIRE_DATE RTRIM(HIRE_DATE,'9                                                                                                                                                                            
--------- ------------------                                                                                                                                                                            
17-JUL-87 17-JUL-87                                                                                                                                                                                     
21-SEP-89 21-SEP-8                                                                                                                                                                                      
13-JAN-93 13-JAN-93                                                                                                                                                                                     
03-JAN-90 03-JAN-90                                                                                                                                                                                     
21-MAY-91 21-MAY-91                                                                                                                                                                                     
07-FEB-99 07-FEB-                                                                                                                                                                                       
16-NOV-99 16-NOV-                                                                                                                                                                                       
17-OCT-95 17-OCT-95                                                                                                                                                                                     
29-JAN-97 29-JAN-97                                                                                                                                                                                     
15-MAR-98 15-MAR-98                                                                                                                                                                                     
09-JUL-98 09-JUL-98                                                                                                                                                                                     
29-JAN-00 29-JAN-00                                                                                                                                                                                     
11-MAY-96 11-MAY-96                                                                                                                                                                                     
24-MAR-98 24-MAR-98                                                                                                                                                                                     
24-MAY-99 24-MAY-                                                                                                                                                                                       
17-SEP-87 17-SEP-87                                                                                                                                                                                     
17-FEB-96 17-FEB-96                                                                                                                                                                                     
17-AUG-97 17-AUG-97                                                                                                                                                                                     
07-JUN-94 07-JUN-94                                                                                                                                                                                     
07-JUN-94 07-JUN-94                                                                                                                                                                                     

20 rows selected.

SQL> SELECT HIRE_DATE , RTRIM(HIRE_DATE,'98') FROM EMPLOYEES;

HIRE_DATE RTRIM(HIRE_DATE,'9                                                                                                                                                                            
--------- ------------------                                                                                                                                                                            
17-JUL-87 17-JUL-87                                                                                                                                                                                     
21-SEP-89 21-SEP-                                                                                                                                                                                       
13-JAN-93 13-JAN-93                                                                                                                                                                                     
03-JAN-90 03-JAN-90                                                                                                                                                                                     
21-MAY-91 21-MAY-91                                                                                                                                                                                     
07-FEB-99 07-FEB-                                                                                                                                                                                       
16-NOV-99 16-NOV-                                                                                                                                                                                       
17-OCT-95 17-OCT-95                                                                                                                                                                                     
29-JAN-97 29-JAN-97                                                                                                                                                                                     
15-MAR-98 15-MAR-                                                                                                                                                                                       
09-JUL-98 09-JUL-                                                                                                                                                                                       
29-JAN-00 29-JAN-00                                                                                                                                                                                     
11-MAY-96 11-MAY-96                                                                                                                                                                                     
24-MAR-98 24-MAR-                                                                                                                                                                                       
24-MAY-99 24-MAY-                                                                                                                                                                                       
17-SEP-87 17-SEP-87                                                                                                                                                                                     
17-FEB-96 17-FEB-96                                                                                                                                                                                     
17-AUG-97 17-AUG-97                                                                                                                                                                                     
07-JUN-94 07-JUN-94                                                                                                                                                                                     
07-JUN-94 07-JUN-94                                                                                                                                                                                     

20 rows selected.

SQL> REM JUL
SQL> REM SEP
SQL> 
SQL> REM JUN
SQL> 
SQL> SELECT HIRE_DATE , LTRIM(HIRE_DATE,'1234567890-') FROM EMPLOYEES;

HIRE_DATE LTRIM(HIRE_DATE,'1                                                                                                                                                                            
--------- ------------------                                                                                                                                                                            
17-JUL-87 JUL-87                                                                                                                                                                                        
21-SEP-89 SEP-89                                                                                                                                                                                        
13-JAN-93 JAN-93                                                                                                                                                                                        
03-JAN-90 JAN-90                                                                                                                                                                                        
21-MAY-91 MAY-91                                                                                                                                                                                        
07-FEB-99 FEB-99                                                                                                                                                                                        
16-NOV-99 NOV-99                                                                                                                                                                                        
17-OCT-95 OCT-95                                                                                                                                                                                        
29-JAN-97 JAN-97                                                                                                                                                                                        
15-MAR-98 MAR-98                                                                                                                                                                                        
09-JUL-98 JUL-98                                                                                                                                                                                        
29-JAN-00 JAN-00                                                                                                                                                                                        
11-MAY-96 MAY-96                                                                                                                                                                                        
24-MAR-98 MAR-98                                                                                                                                                                                        
24-MAY-99 MAY-99                                                                                                                                                                                        
17-SEP-87 SEP-87                                                                                                                                                                                        
17-FEB-96 FEB-96                                                                                                                                                                                        
17-AUG-97 AUG-97                                                                                                                                                                                        
07-JUN-94 JUN-94                                                                                                                                                                                        
07-JUN-94 JUN-94                                                                                                                                                                                        

20 rows selected.

SQL> SELECT HIRE_DATE , RTRIM(LTRIM(HIRE_DATE,'1234567890-'),'12345678990-') FROM EMPLOYEES;

HIRE_DATE RTRIM(LTRIM(HIRE_D                                                                                                                                                                            
--------- ------------------                                                                                                                                                                            
17-JUL-87 JUL                                                                                                                                                                                           
21-SEP-89 SEP                                                                                                                                                                                           
13-JAN-93 JAN                                                                                                                                                                                           
03-JAN-90 JAN                                                                                                                                                                                           
21-MAY-91 MAY                                                                                                                                                                                           
07-FEB-99 FEB                                                                                                                                                                                           
16-NOV-99 NOV                                                                                                                                                                                           
17-OCT-95 OCT                                                                                                                                                                                           
29-JAN-97 JAN                                                                                                                                                                                           
15-MAR-98 MAR                                                                                                                                                                                           
09-JUL-98 JUL                                                                                                                                                                                           
29-JAN-00 JAN                                                                                                                                                                                           
11-MAY-96 MAY                                                                                                                                                                                           
24-MAR-98 MAR                                                                                                                                                                                           
24-MAY-99 MAY                                                                                                                                                                                           
17-SEP-87 SEP                                                                                                                                                                                           
17-FEB-96 FEB                                                                                                                                                                                           
17-AUG-97 AUG                                                                                                                                                                                           
07-JUN-94 JUN                                                                                                                                                                                           
07-JUN-94 JUN                                                                                                                                                                                           

20 rows selected.

SQL> SELECT HIRE_DATE , LTRIM(RTRIM(HIRE_DATE,'1234567890-'),'12345678990-') FROM EMPLOYEES;

HIRE_DATE LTRIM(RTRIM(HIRE_D                                                                                                                                                                            
--------- ------------------                                                                                                                                                                            
17-JUL-87 JUL                                                                                                                                                                                           
21-SEP-89 SEP                                                                                                                                                                                           
13-JAN-93 JAN                                                                                                                                                                                           
03-JAN-90 JAN                                                                                                                                                                                           
21-MAY-91 MAY                                                                                                                                                                                           
07-FEB-99 FEB                                                                                                                                                                                           
16-NOV-99 NOV                                                                                                                                                                                           
17-OCT-95 OCT                                                                                                                                                                                           
29-JAN-97 JAN                                                                                                                                                                                           
15-MAR-98 MAR                                                                                                                                                                                           
09-JUL-98 JUL                                                                                                                                                                                           
29-JAN-00 JAN                                                                                                                                                                                           
11-MAY-96 MAY                                                                                                                                                                                           
24-MAR-98 MAR                                                                                                                                                                                           
24-MAY-99 MAY                                                                                                                                                                                           
17-SEP-87 SEP                                                                                                                                                                                           
17-FEB-96 FEB                                                                                                                                                                                           
17-AUG-97 AUG                                                                                                                                                                                           
07-JUN-94 JUN                                                                                                                                                                                           
07-JUN-94 JUN                                                                                                                                                                                           

20 rows selected.

SQL> SELECT LENGTH('  R A M   ') FROM DUAL;

LENGTH('RAM')                                                                                                                                                                                           
-------------                                                                                                                                                                                           
           10                                                                                                                                                                                           

SQL> SELECT LENGTH(LTRIM('  R A M   ')) FROM DUAL;

LENGTH(LTRIM('RAM'))                                                                                                                                                                                    
--------------------                                                                                                                                                                                    
                   8                                                                                                                                                                                    

SQL> SELECT LENGTH(RTRIM('  R A M   ')) FROM DUAL;

LENGTH(RTRIM('RAM'))                                                                                                                                                                                    
--------------------                                                                                                                                                                                    
                   7                                                                                                                                                                                    

SQL> SELECT LENGTH(TRIM('  R A M   ')) FROM DUAL;

LENGTH(TRIM('RAM'))                                                                                                                                                                                     
-------------------                                                                                                                                                                                     
                  5                                                                                                                                                                                     

SQL> SELECT LENGTH(TRIM(LEADING ' ' FROM '  R A M   ')) FROM DUAL;

LENGTH(TRIM(LEADING''FROM'RAM'))                                                                                                                                                                        
--------------------------------                                                                                                                                                                        
                               8                                                                                                                                                                        

SQL> SELECT LENGTH(TRIM(TRAILING ' ' FROM '  R A M   ')) FROM DUAL;

LENGTH(TRIM(TRAILING''FROM'RAM'))                                                                                                                                                                       
---------------------------------                                                                                                                                                                       
                                7                                                                                                                                                                       

SQL> SELECT LENGTH(TRIM(BOTH ' ' FROM '  R A M   ')) FROM DUAL;

LENGTH(TRIM(BOTH''FROM'RAM'))                                                                                                                                                                           
-----------------------------                                                                                                                                                                           
                            5                                                                                                                                                                           

SQL> SELECT LENGTH(TRIM(' ' FROM '  R A M   ')) FROM DUAL;

LENGTH(TRIM(''FROM'RAM'))                                                                                                                                                                               
-------------------------                                                                                                                                                                               
                        5                                                                                                                                                                               

SQL> SELECT LENGTH(TRIM('  R A M   ')) FROM DUAL;

LENGTH(TRIM('RAM'))                                                                                                                                                                                     
-------------------                                                                                                                                                                                     
                  5                                                                                                                                                                                     

SQL> SELECT HIRE_DATE, TRIM ('0' FROM HIRE_DATE) FROM EMPLOYEES;

HIRE_DATE TRIM('0'FROMHIRE_D                                                                                                                                                                            
--------- ------------------                                                                                                                                                                            
17-JUL-87 17-JUL-87                                                                                                                                                                                     
21-SEP-89 21-SEP-89                                                                                                                                                                                     
13-JAN-93 13-JAN-93                                                                                                                                                                                     
03-JAN-90 3-JAN-9                                                                                                                                                                                       
21-MAY-91 21-MAY-91                                                                                                                                                                                     
07-FEB-99 7-FEB-99                                                                                                                                                                                      
16-NOV-99 16-NOV-99                                                                                                                                                                                     
17-OCT-95 17-OCT-95                                                                                                                                                                                     
29-JAN-97 29-JAN-97                                                                                                                                                                                     
15-MAR-98 15-MAR-98                                                                                                                                                                                     
09-JUL-98 9-JUL-98                                                                                                                                                                                      
29-JAN-00 29-JAN-                                                                                                                                                                                       
11-MAY-96 11-MAY-96                                                                                                                                                                                     
24-MAR-98 24-MAR-98                                                                                                                                                                                     
24-MAY-99 24-MAY-99                                                                                                                                                                                     
17-SEP-87 17-SEP-87                                                                                                                                                                                     
17-FEB-96 17-FEB-96                                                                                                                                                                                     
17-AUG-97 17-AUG-97                                                                                                                                                                                     
07-JUN-94 7-JUN-94                                                                                                                                                                                      
07-JUN-94 7-JUN-94                                                                                                                                                                                      

20 rows selected.

SQL> SELECT HIRE_DATE, TRIM ('01' FROM HIRE_DATE) FROM EMPLOYEES;
SELECT HIRE_DATE, TRIM ('01' FROM HIRE_DATE) FROM EMPLOYEES
                  *
ERROR at line 1:
ORA-30001: trim set should have only one character 


SQL> SELECT HIRE_DATE FROM EMPLOYEES;

HIRE_DATE                                                                                                                                                                                               
---------                                                                                                                                                                                               
17-JUL-87                                                                                                                                                                                               
21-SEP-89                                                                                                                                                                                               
13-JAN-93                                                                                                                                                                                               
03-JAN-90                                                                                                                                                                                               
21-MAY-91                                                                                                                                                                                               
07-FEB-99                                                                                                                                                                                               
16-NOV-99                                                                                                                                                                                               
17-OCT-95                                                                                                                                                                                               
29-JAN-97                                                                                                                                                                                               
15-MAR-98                                                                                                                                                                                               
09-JUL-98                                                                                                                                                                                               
29-JAN-00                                                                                                                                                                                               
11-MAY-96                                                                                                                                                                                               
24-MAR-98                                                                                                                                                                                               
24-MAY-99                                                                                                                                                                                               
17-SEP-87                                                                                                                                                                                               
17-FEB-96                                                                                                                                                                                               
17-AUG-97                                                                                                                                                                                               
07-JUN-94                                                                                                                                                                                               
07-JUN-94                                                                                                                                                                                               

20 rows selected.

SQL> SELECT HIRE_DATE , RTRIM(HIRE_DATE,'98') , TRIM('8' FROM TRIM('9' FROM HIRE_DATE)) FROM EMPLOYEES;

HIRE_DATE RTRIM(HIRE_DATE,'9 TRIM('8'FROMTRIM('                                                                                                                                                         
--------- ------------------ ------------------                                                                                                                                                         
17-JUL-87 17-JUL-87          17-JUL-87                                                                                                                                                                  
21-SEP-89 21-SEP-            21-SEP-                                                                                                                                                                    
13-JAN-93 13-JAN-93          13-JAN-93                                                                                                                                                                  
03-JAN-90 03-JAN-90          03-JAN-90                                                                                                                                                                  
21-MAY-91 21-MAY-91          21-MAY-91                                                                                                                                                                  
07-FEB-99 07-FEB-            07-FEB-                                                                                                                                                                    
16-NOV-99 16-NOV-            16-NOV-                                                                                                                                                                    
17-OCT-95 17-OCT-95          17-OCT-95                                                                                                                                                                  
29-JAN-97 29-JAN-97          29-JAN-97                                                                                                                                                                  
15-MAR-98 15-MAR-            15-MAR-9                                                                                                                                                                   
09-JUL-98 09-JUL-            09-JUL-9                                                                                                                                                                   
29-JAN-00 29-JAN-00          29-JAN-00                                                                                                                                                                  
11-MAY-96 11-MAY-96          11-MAY-96                                                                                                                                                                  
24-MAR-98 24-MAR-            24-MAR-9                                                                                                                                                                   
24-MAY-99 24-MAY-            24-MAY-                                                                                                                                                                    
17-SEP-87 17-SEP-87          17-SEP-87                                                                                                                                                                  
17-FEB-96 17-FEB-96          17-FEB-96                                                                                                                                                                  
17-AUG-97 17-AUG-97          17-AUG-97                                                                                                                                                                  
07-JUN-94 07-JUN-94          07-JUN-94                                                                                                                                                                  
07-JUN-94 07-JUN-94          07-JUN-94                                                                                                                                                                  

20 rows selected.

SQL> REM LENGTH : WILL RETURN NUMBER/COUNT OF CHARACTERS IN INPUT
SQL> 
SQL> SELECT LAST_NAME , LENGTH(LAST_NAME) FROM EMPLOYEES;

LAST_NAME  LENGTH(LAST_NAME)                                                                                                                                                                            
---------- -----------------                                                                                                                                                                            
King                       4                                                                                                                                                                            
