SQL> 
SQL> CL SCR

SQL> REM SET OPERATORS :
SQL> 
SQL> REM SET OPERATORS : IT IS USED TO CLUB RESULT SETS VERTICALLY.
SQL> 
SQL> REM LIST OF SET OPERATORS : 1 UNION ALL 2 UNION 3 INTERSECT 4 MINUS
SQL> 
SQL> REM WHEN WE USE SET OPERATOR, THE WHOLE STATEMENT IS CALLED COMPOUND STATEMENT.
SQL> 
SQL> REM SELECT ... FROM ... WHERE ... GROUP BY ... HAVING ... SET OPERATOR SELECT ... FROM ... WHERE ... GROUP BY ... HAVING ... SET OPERATOR ...  ORDER BY ... OFFSET ... FETCH ...;
SQL> 
SQL> 
SQL> 
SQL> REM RESULT SET 1
SQL> 
SQL> SELECT JOB FROM MPSEMP WHERE DEPTNO = 10;

JOB                                                                                                                                                                                                     
----------                                                                                                                                                                                              
PRESIDENT                                                                                                                                                                                               
MANAGER                                                                                                                                                                                                 
CLERK                                                                                                                                                                                                   

SQL> REM RESULT SET 2
SQL> 
SQL> SELECT JOB FROM MPSEMP WHERE DEPTNO = 20;

JOB                                                                                                                                                                                                     
----------                                                                                                                                                                                              
MANAGER                                                                                                                                                                                                 
ANALYST                                                                                                                                                                                                 
CLERK                                                                                                                                                                                                   
ANALYST                                                                                                                                                                                                 
CLERK                                                                                                                                                                                                   

SQL> REM UNION ALL : IT SIMPLY CLUBS/JOINS BOTH THE RESULT SETS, INCLUDING DUPLICATES. IT WILL KEEP THEIR TOP TO BOTTOM SEQUENCE/ORDER AS IT IS.
SQL> 
SQL> SELECT JOB FROM MPSEMP WHERE DEPTNO = 10
  2  UNION ALL
  3  SELECT JOB FROM MPSEMP WHERE DEPTNO = 20;

JOB                                                                                                                                                                                                     
----------                                                                                                                                                                                              
PRESIDENT                                                                                                                                                                                               
MANAGER                                                                                                                                                                                                 
CLERK                                                                                                                                                                                                   
MANAGER                                                                                                                                                                                                 
ANALYST                                                                                                                                                                                                 
CLERK                                                                                                                                                                                                   
ANALYST                                                                                                                                                                                                 
CLERK                                                                                                                                                                                                   

8 rows selected.

SQL> SELECT JOB FROM MPSEMP WHERE DEPTNO = 20
  2  UNION ALL
  3  SELECT JOB FROM MPSEMP WHERE DEPTNO = 10;

JOB                                                                                                                                                                                                     
----------                                                                                                                                                                                              
MANAGER                                                                                                                                                                                                 
ANALYST                                                                                                                                                                                                 
CLERK                                                                                                                                                                                                   
ANALYST                                                                                                                                                                                                 
CLERK                                                                                                                                                                                                   
PRESIDENT                                                                                                                                                                                               
MANAGER                                                                                                                                                                                                 
CLERK                                                                                                                                                                                                   

8 rows selected.

SQL> REM NOTE : REMAINING 3 SET OPERATORS, REMOVE DUPLICATES AND SORTS RESULT IN ASCENDING ORDER.
SQL> 
SQL> REM UNION : IT ONLY PERFORMS ABOVE TWO COMMON TASKS.
SQL> 
SQL> SELECT JOB FROM MPSEMP WHERE DEPTNO = 10;

JOB                                                                                                                                                                                                     
----------                                                                                                                                                                                              
PRESIDENT                                                                                                                                                                                               
MANAGER                                                                                                                                                                                                 
CLERK                                                                                                                                                                                                   

SQL> SELECT JOB FROM MPSEMP WHERE DEPTNO = 20;

JOB                                                                                                                                                                                                     
----------                                                                                                                                                                                              
MANAGER                                                                                                                                                                                                 
ANALYST                                                                                                                                                                                                 
CLERK                                                                                                                                                                                                   
ANALYST                                                                                                                                                                                                 
CLERK                                                                                                                                                                                                   

SQL> SELECT JOB FROM MPSEMP WHERE DEPTNO = 10
  2  UNION
  3  SELECT JOB FROM MPSEMP WHERE DEPTNO = 20;

JOB                                                                                                                                                                                                     
----------                                                                                                                                                                                              
ANALYST                                                                                                                                                                                                 
CLERK                                                                                                                                                                                                   
MANAGER                                                                                                                                                                                                 
PRESIDENT                                                                                                                                                                                               

SQL> REM INTERSECT : IT PICKS ONLY COMMON ROWS OF BOTH THE RESULT SETS. + ABOVE TWO COMMON TASKS.
SQL> 
SQL> SELECT JOB FROM MPSEMP WHERE DEPTNO = 10;

JOB                                                                                                                                                                                                     
----------                                                                                                                                                                                              
PRESIDENT                                                                                                                                                                                               
MANAGER                                                                                                                                                                                                 
CLERK                                                                                                                                                                                                   

SQL> SELECT JOB FROM MPSEMP WHERE DEPTNO = 20;

JOB                                                                                                                                                                                                     
----------                                                                                                                                                                                              
MANAGER                                                                                                                                                                                                 
ANALYST                                                                                                                                                                                                 
CLERK                                                                                                                                                                                                   
ANALYST                                                                                                                                                                                                 
CLERK                                                                                                                                                                                                   

SQL> SELECT JOB FROM MPSEMP WHERE DEPTNO = 10
  2  INTERSECT
  3  SELECT JOB FROM MPSEMP WHERE DEPTNO = 20;

JOB                                                                                                                                                                                                     
----------                                                                                                                                                                                              
CLERK                                                                                                                                                                                                   
MANAGER                                                                                                                                                                                                 

SQL> REM MINUS : IT REMOVES COMMON ROWS FROM FIRST RESULT SET. + ABOVE TWO COMMON TASKS.
SQL> 
SQL> SELECT JOB FROM MPSEMP WHERE DEPTNO = 10;

JOB                                                                                                                                                                                                     
----------                                                                                                                                                                                              
PRESIDENT                                                                                                                                                                                               
MANAGER                                                                                                                                                                                                 
CLERK                                                                                                                                                                                                   

SQL> SELECT JOB FROM MPSEMP WHERE DEPTNO = 20;

JOB                                                                                                                                                                                                     
----------                                                                                                                                                                                              
MANAGER                                                                                                                                                                                                 
ANALYST                                                                                                                                                                                                 
CLERK                                                                                                                                                                                                   
ANALYST                                                                                                                                                                                                 
CLERK                                                                                                                                                                                                   

SQL> SELECT JOB FROM MPSEMP WHERE DEPTNO = 10
  2  MINUS
  3  SELECT JOB FROM MPSEMP WHERE DEPTNO = 20;

JOB                                                                                                                                                                                                     
----------                                                                                                                                                                                              
PRESIDENT                                                                                                                                                                                               

SQL> SELECT JOB FROM MPSEMP WHERE DEPTNO = 20
  2  MINUS
  3  SELECT JOB FROM MPSEMP WHERE DEPTNO = 10;

JOB                                                                                                                                                                                                     
----------                                                                                                                                                                                              
ANALYST                                                                                                                                                                                                 

SQL> SELECT JOB FROM MPSEMP WHERE DEPTNO = 10;

JOB                                                                                                                                                                                                     
----------                                                                                                                                                                                              
PRESIDENT                                                                                                                                                                                               
MANAGER                                                                                                                                                                                                 
CLERK                                                                                                                                                                                                   

SQL> SELECT JOB FROM MPSEMP WHERE DEPTNO = 20;

JOB                                                                                                                                                                                                     
----------                                                                                                                                                                                              
MANAGER                                                                                                                                                                                                 
ANALYST                                                                                                                                                                                                 
CLERK                                                                                                                                                                                                   
ANALYST                                                                                                                                                                                                 
CLERK                                                                                                                                                                                                   

SQL> SELECT JOB FROM MPSEMP WHERE DEPTNO = 30;

JOB                                                                                                                                                                                                     
----------                                                                                                                                                                                              
APPRENTICE                                                                                                                                                                                              
MANAGER                                                                                                                                                                                                 
SALESMAN                                                                                                                                                                                                
SALESMAN                                                                                                                                                                                                
SALESMAN                                                                                                                                                                                                
SALESMAN                                                                                                                                                                                                
CLERK                                                                                                                                                                                                   

7 rows selected.

SQL> SELECT JOB FROM MPSEMP WHERE DEPTNO = 10
  2  UNION ALL
  3  SELECT JOB FROM MPSEMP WHERE DEPTNO = 20
  4  UNION ALL
  5  SELECT JOB FROM MPSEMP WHERE DEPTNO = 30;

JOB                                                                                                                                                                                                     
----------                                                                                                                                                                                              
PRESIDENT                                                                                                                                                                                               
MANAGER                                                                                                                                                                                                 
CLERK                                                                                                                                                                                                   
MANAGER                                                                                                                                                                                                 
ANALYST                                                                                                                                                                                                 
CLERK                                                                                                                                                                                                   
ANALYST                                                                                                                                                                                                 
CLERK                                                                                                                                                                                                   
APPRENTICE                                                                                                                                                                                              
MANAGER                                                                                                                                                                                                 
SALESMAN                                                                                                                                                                                                
SALESMAN                                                                                                                                                                                                
SALESMAN                                                                                                                                                                                                
SALESMAN                                                                                                                                                                                                
CLERK                                                                                                                                                                                                   

15 rows selected.

SQL> SELECT JOB FROM MPSEMP WHERE DEPTNO = 10;

JOB                                                                                                                                                                                                     
----------                                                                                                                                                                                              
PRESIDENT                                                                                                                                                                                               
MANAGER                                                                                                                                                                                                 
CLERK                                                                                                                                                                                                   

SQL> SELECT JOB FROM MPSEMP WHERE DEPTNO = 20;

JOB                                                                                                                                                                                                     
----------                                                                                                                                                                                              
MANAGER                                                                                                                                                                                                 
ANALYST                                                                                                                                                                                                 
CLERK                                                                                                                                                                                                   
ANALYST                                                                                                                                                                                                 
CLERK                                                                                                                                                                                                   

SQL> SELECT JOB FROM MPSEMP WHERE DEPTNO = 30;

JOB                                                                                                                                                                                                     
----------                                                                                                                                                                                              
APPRENTICE                                                                                                                                                                                              
MANAGER                                                                                                                                                                                                 
SALESMAN                                                                                                                                                                                                
SALESMAN                                                                                                                                                                                                
SALESMAN                                                                                                                                                                                                
SALESMAN                                                                                                                                                                                                
CLERK                                                                                                                                                                                                   

7 rows selected.

SQL> REM 10 UNION ALL 20 UNION ALL 30 : COUNT : 14  FIRST ROW : PRESIDENT   LAST ROW : CLERK
SQL> 
SQL> REM 10 UNION 20 UNION 30 : COUNT : 5 FIRST ROW : ANALYST LAST ROW : SALESMAN
SQL> 
SQL> SELECT * FROM MPSEMP;

     EMPNO ENAME      JOB               MGR HIREDATE         SAL       COMM     DEPTNO                                                                                                                  
---------- ---------- ---------- ---------- --------- ---------- ---------- ----------                                                                                                                  
      7777            APPRENTICE            12-FEB-23                               30                                                                                                                  
      7839 KING       PRESIDENT             17-NOV-81       6000                    10                                                                                                                  
      7782 CLARK      MANAGER          7839 09-JUN-81       2450                    10                                                                                                                  
      7566 JONES      MANAGER          7839 02-APR-81       2975                    20                                                                                                                  
      7902 FORD       ANALYST          7566 04-DEC-81                  3000         20                                                                                                                  
      7698 BLAKE      MANAGER          7839 01-MAY-91       2850                    30                                                                                                                  
      7369 SMITH      CLERK            7902 17-DEC-80        800                    20                                                                                                                  
      7499 ALLEN      SALESMAN         7698 20-FEB-81       1600        300         30                                                                                                                  
      7521 WARD       SALESMAN         7698 22-FEB-81       1250        500         30                                                                                                                  
      7654 MARTIN     SALESMAN         7698 28-SEP-81       1250       1400         30                                                                                                                  
      7788 SCOTT      ANALYST          7566 09-DEC-82       3000                    20                                                                                                                  
      7844 TURNER     SALESMAN         7698 08-SEP-81       1500          0         30                                                                                                                  
      7876 ADAMS      CLERK            7788 12-JAN-89                  1100         20                                                                                                                  
      7900 JAMES      CLERK            7698 03-DEC-81                   950         30                                                                                                                  
      7934 MILLER     CLERK            7782 23-JAN-82       1300                    10                                                                                                                  

15 rows selected.

SQL> DELETE MPSEMP WHERE EMPNO = 7777;

1 row deleted.

SQL> COMMIT;

Commit complete.

SQL> SELECT JOB FROM MPSEMP WHERE DEPTNO = 10;

JOB                                                                                                                                                                                                     
----------                                                                                                                                                                                              
PRESIDENT                                                                                                                                                                                               
MANAGER                                                                                                                                                                                                 
CLERK                                                                                                                                                                                                   

SQL> SELECT JOB FROM MPSEMP WHERE DEPTNO = 20;

JOB                                                                                                                                                                                                     
----------                                                                                                                                                                                              
MANAGER                                                                                                                                                                                                 
ANALYST                                                                                                                                                                                                 
CLERK                                                                                                                                                                                                   
ANALYST                                                                                                                                                                                                 
CLERK                                                                                                                                                                                                   

SQL> SELECT JOB FROM MPSEMP WHERE DEPTNO = 30;

JOB                                                                                                                                                                                                     
----------                                                                                                                                                                                              
MANAGER                                                                                                                                                                                                 
SALESMAN                                                                                                                                                                                                
SALESMAN                                                                                                                                                                                                
SALESMAN                                                                                                                                                                                                
SALESMAN                                                                                                                                                                                                
CLERK                                                                                                                                                                                                   

6 rows selected.

SQL> SELECT JOB FROM MPSEMP WHERE DEPTNO = 10
  2  UNION
  3  SELECT JOB FROM MPSEMP WHERE DEPTNO = 20
  4  UNION
  5  SELECT JOB FROM MPSEMP WHERE DEPTNO = 30;

JOB                                                                                                                                                                                                     
----------                                                                                                                                                                                              
ANALYST                                                                                                                                                                                                 
CLERK                                                                                                                                                                                                   
MANAGER                                                                                                                                                                                                 
PRESIDENT                                                                                                                                                                                               
SALESMAN                                                                                                                                                                                                

SQL> SELECT JOB FROM MPSEMP WHERE DEPTNO = 10;

JOB                                                                                                                                                                                                     
----------                                                                                                                                                                                              
PRESIDENT                                                                                                                                                                                               
MANAGER                                                                                                                                                                                                 
CLERK                                                                                                                                                                                                   

SQL> SELECT JOB FROM MPSEMP WHERE DEPTNO = 20;

JOB                                                                                                                                                                                                     
----------                                                                                                                                                                                              
MANAGER                                                                                                                                                                                                 
ANALYST                                                                                                                                                                                                 
CLERK                                                                                                                                                                                                   
ANALYST                                                                                                                                                                                                 
CLERK                                                                                                                                                                                                   

SQL> SELECT JOB FROM MPSEMP WHERE DEPTNO = 30;

JOB                                                                                                                                                                                                     
----------                                                                                                                                                                                              
MANAGER                                                                                                                                                                                                 
SALESMAN                                                                                                                                                                                                
SALESMAN                                                                                                                                                                                                
SALESMAN                                                                                                                                                                                                
SALESMAN                                                                                                                                                                                                
CLERK                                                                                                                                                                                                   

6 rows selected.

SQL> REM 10 INTERSECT 20 INTERSECT 30 : COUNT : 2 FR : CLERK  LR : MANAGER
SQL> 
SQL> SELECT JOB FROM MPSEMP WHERE DEPTNO = 10;

JOB                                                                                                                                                                                                     
----------                                                                                                                                                                                              
PRESIDENT                                                                                                                                                                                               
MANAGER                                                                                                                                                                                                 
CLERK                                                                                                                                                                                                   

SQL> SELECT JOB FROM MPSEMP WHERE DEPTNO = 20;

JOB                                                                                                                                                                                                     
----------                                                                                                                                                                                              
MANAGER                                                                                                                                                                                                 
ANALYST                                                                                                                                                                                                 
CLERK                                                                                                                                                                                                   
ANALYST                                                                                                                                                                                                 
CLERK                                                                                                                                                                                                   

SQL> SELECT JOB FROM MPSEMP WHERE DEPTNO = 30;

JOB                                                                                                                                                                                                     
----------                                                                                                                                                                                              
MANAGER                                                                                                                                                                                                 
SALESMAN                                                                                                                                                                                                
SALESMAN                                                                                                                                                                                                
SALESMAN                                                                                                                                                                                                
SALESMAN                                                                                                                                                                                                
CLERK                                                                                                                                                                                                   

6 rows selected.

SQL> REM 10 MINUS 20 MINUS 30 : COUNT : 1  FR : PRESIDENT  LR :
SQL> 
SQL> SELECT JOB FROM MPSEMP WHERE DEPTNO = 10;

JOB                                                                                                                                                                                                     
----------                                                                                                                                                                                              
PRESIDENT                                                                                                                                                                                               
MANAGER                                                                                                                                                                                                 
CLERK                                                                                                                                                                                                   

SQL> SELECT JOB FROM MPSEMP WHERE DEPTNO = 20;

JOB                                                                                                                                                                                                     
----------                                                                                                                                                                                              
MANAGER                                                                                                                                                                                                 
ANALYST                                                                                                                                                                                                 
CLERK                                                                                                                                                                                                   
ANALYST                                                                                                                                                                                                 
CLERK                                                                                                                                                                                                   

SQL> SELECT JOB FROM MPSEMP WHERE DEPTNO = 30;

JOB                                                                                                                                                                                                     
----------                                                                                                                                                                                              
MANAGER                                                                                                                                                                                                 
SALESMAN                                                                                                                                                                                                
SALESMAN                                                                                                                                                                                                
SALESMAN                                                                                                                                                                                                
SALESMAN                                                                                                                                                                                                
CLERK                                                                                                                                                                                                   

6 rows selected.

SQL> REM 10 UNION ALL 20 UNION 30 : COUNT : 5  FR : ANALYST LR : SALESMAN
SQL> 
SQL> SELECT JOB FROM MPSEMP WHERE DEPTNO = 10
  2  UNION ALL
  3  SELECT JOB FROM MPSEMP WHERE DEPTNO = 20
  4  UNION
  5  SELECT JOB FROM MPSEMP WHERE DEPTNO = 30;

JOB                                                                                                                                                                                                     
----------                                                                                                                                                                                              
ANALYST                                                                                                                                                                                                 
CLERK                                                                                                                                                                                                   
MANAGER                                                                                                                                                                                                 
PRESIDENT                                                                                                                                                                                               
SALESMAN                                                                                                                                                                                                

SQL> SELECT JOB FROM MPSEMP WHERE DEPTNO = 10;

JOB                                                                                                                                                                                                     
----------                                                                                                                                                                                              
PRESIDENT                                                                                                                                                                                               
MANAGER                                                                                                                                                                                                 
CLERK                                                                                                                                                                                                   

SQL> SELECT JOB FROM MPSEMP WHERE DEPTNO = 20;

JOB                                                                                                                                                                                                     
----------                                                                                                                                                                                              
MANAGER                                                                                                                                                                                                 
ANALYST                                                                                                                                                                                                 
CLERK                                                                                                                                                                                                   
ANALYST                                                                                                                                                                                                 
CLERK                                                                                                                                                                                                   

SQL> SELECT JOB FROM MPSEMP WHERE DEPTNO = 30;

JOB                                                                                                                                                                                                     
----------                                                                                                                                                                                              
MANAGER                                                                                                                                                                                                 
SALESMAN                                                                                                                                                                                                
SALESMAN                                                                                                                                                                                                
SALESMAN                                                                                                                                                                                                
SALESMAN                                                                                                                                                                                                
CLERK                                                                                                                                                                                                   

6 rows selected.

SQL> REM 10 UNION ALL 20 INTERSECT 30 : COUNT : 2 FR : CLERK LR : MANAGER
SQL> 
SQL> SELECT JOB FROM MPSEMP WHERE DEPTNO = 10
  2  UNION ALL
  3  SELECT JOB FROM MPSEMP WHERE DEPTNO = 20
  4  INTERSECT
  5  SELECT JOB FROM MPSEMP WHERE DEPTNO = 30;

JOB                                                                                                                                                                                                     
----------                                                                                                                                                                                              
CLERK                                                                                                                                                                                                   
MANAGER                                                                                                                                                                                                 

SQL> SELECT JOB FROM MPSEMP WHERE DEPTNO = 10;

JOB                                                                                                                                                                                                     
----------                                                                                                                                                                                              
PRESIDENT                                                                                                                                                                                               
MANAGER                                                                                                                                                                                                 
CLERK                                                                                                                                                                                                   

SQL> SELECT JOB FROM MPSEMP WHERE DEPTNO = 20;

JOB                                                                                                                                                                                                     
----------                                                                                                                                                                                              
MANAGER                                                                                                                                                                                                 
ANALYST                                                                                                                                                                                                 
CLERK                                                                                                                                                                                                   
ANALYST                                                                                                                                                                                                 
CLERK                                                                                                                                                                                                   

SQL> SELECT JOB FROM MPSEMP WHERE DEPTNO = 30;

JOB                                                                                                                                                                                                     
----------                                                                                                                                                                                              
MANAGER                                                                                                                                                                                                 
SALESMAN                                                                                                                                                                                                
SALESMAN                                                                                                                                                                                                
SALESMAN                                                                                                                                                                                                
SALESMAN                                                                                                                                                                                                
CLERK                                                                                                                                                                                                   

6 rows selected.

SQL> REM 10 UNION ALL 20 MINUS 30 : COUNT : 2  FR : ANALYST  LR : PRESIDENT
SQL> 
SQL> SELECT JOB FROM MPSEMP WHERE DEPTNO = 10
  2  UNION ALL
  3  SELECT JOB FROM MPSEMP WHERE DEPTNO = 20
  4  MINUS
  5  SELECT JOB FROM MPSEMP WHERE DEPTNO = 30;

JOB                                                                                                                                                                                                     
----------                                                                                                                                                                                              
ANALYST                                                                                                                                                                                                 
PRESIDENT                                                                                                                                                                                               

SQL> SELECT JOB FROM MPSEMP WHERE DEPTNO = 10;

JOB                                                                                                                                                                                                     
----------                                                                                                                                                                                              
PRESIDENT                                                                                                                                                                                               
MANAGER                                                                                                                                                                                                 
CLERK                                                                                                                                                                                                   

SQL> SELECT JOB FROM MPSEMP WHERE DEPTNO = 20;

JOB                                                                                                                                                                                                     
----------                                                                                                                                                                                              
MANAGER                                                                                                                                                                                                 
ANALYST                                                                                                                                                                                                 
CLERK                                                                                                                                                                                                   
ANALYST                                                                                                                                                                                                 
CLERK                                                                                                                                                                                                   

SQL> SELECT JOB FROM MPSEMP WHERE DEPTNO = 30;

JOB                                                                                                                                                                                                     
----------                                                                                                                                                                                              
MANAGER                                                                                                                                                                                                 
SALESMAN                                                                                                                                                                                                
SALESMAN                                                                                                                                                                                                
SALESMAN                                                                                                                                                                                                
SALESMAN                                                                                                                                                                                                
CLERK                                                                                                                                                                                                   

6 rows selected.

SQL> REM 10 UNION 20 UNION ALL 30 : COUNT : 10 FR : ANALYST LR : CLERK
SQL> 
SQL> SELECT JOB FROM MPSEMP WHERE DEPTNO = 10
  2  UNION
  3  SELECT JOB FROM MPSEMP WHERE DEPTNO = 20
  4  UNION ALL
  5  SELECT JOB FROM MPSEMP WHERE DEPTNO = 30;

JOB                                                                                                                                                                                                     
----------                                                                                                                                                                                              
ANALYST                                                                                                                                                                                                 
CLERK                                                                                                                                                                                                   
MANAGER                                                                                                                                                                                                 
PRESIDENT                                                                                                                                                                                               
MANAGER                                                                                                                                                                                                 
SALESMAN                                                                                                                                                                                                
SALESMAN                                                                                                                                                                                                
SALESMAN                                                                                                                                                                                                
SALESMAN                                                                                                                                                                                                
CLERK                                                                                                                                                                                                   

10 rows selected.

SQL> SELECT JOB FROM MPSEMP WHERE DEPTNO = 10;

JOB                                                                                                                                                                                                     
----------                                                                                                                                                                                              
PRESIDENT                                                                                                                                                                                               
MANAGER                                                                                                                                                                                                 
CLERK                                                                                                                                                                                                   

SQL> SELECT JOB FROM MPSEMP WHERE DEPTNO = 20;

JOB                                                                                                                                                                                                     
----------                                                                                                                                                                                              
MANAGER                                                                                                                                                                                                 
ANALYST                                                                                                                                                                                                 
CLERK                                                                                                                                                                                                   
ANALYST                                                                                                                                                                                                 
CLERK                                                                                                                                                                                                   

SQL> SELECT JOB FROM MPSEMP WHERE DEPTNO = 30;

JOB                                                                                                                                                                                                     
----------                                                                                                                                                                                              
MANAGER                                                                                                                                                                                                 
SALESMAN                                                                                                                                                                                                
SALESMAN                                                                                                                                                                                                
SALESMAN                                                                                                                                                                                                
SALESMAN                                                                                                                                                                                                
CLERK                                                                                                                                                                                                   

6 rows selected.

SQL> REM 10 UNION 20 INTERSECT 30 : COUNT : 2 FR : CLERK LR : MANAGER
SQL> 
SQL> SELECT JOB FROM MPSEMP WHERE DEPTNO = 10
  2  UNION
  3  SELECT JOB FROM MPSEMP WHERE DEPTNO = 20
  4  INTERSECT
  5  SELECT JOB FROM MPSEMP WHERE DEPTNO = 30;

JOB                                                                                                                                                                                                     
----------                                                                                                                                                                                              
CLERK                                                                                                                                                                                                   
MANAGER                                                                                                                                                                                                 

SQL> SELECT JOB FROM MPSEMP WHERE DEPTNO = 10;

JOB                                                                                                                                                                                                     
----------                                                                                                                                                                                              
PRESIDENT                                                                                                                                                                                               
MANAGER                                                                                                                                                                                                 
CLERK                                                                                                                                                                                                   

SQL> SELECT JOB FROM MPSEMP WHERE DEPTNO = 20;

JOB                                                                                                                                                                                                     
----------                                                                                                                                                                                              
MANAGER                                                                                                                                                                                                 
ANALYST                                                                                                                                                                                                 
CLERK                                                                                                                                                                                                   
ANALYST                                                                                                                                                                                                 
CLERK                                                                                                                                                                                                   

SQL> SELECT JOB FROM MPSEMP WHERE DEPTNO = 30;

JOB                                                                                                                                                                                                     
----------                                                                                                                                                                                              
MANAGER                                                                                                                                                                                                 
SALESMAN                                                                                                                                                                                                
SALESMAN                                                                                                                                                                                                
SALESMAN                                                                                                                                                                                                
SALESMAN                                                                                                                                                                                                
CLERK                                                                                                                                                                                                   

6 rows selected.

SQL> REM 10 UNION 20 MINUS 30 : COUNT : 2 FR : ANALYST LR : PRESIDENT
SQL> 
SQL> SELECT JOB FROM MPSEMP WHERE DEPTNO = 10
  2  UNION
  3  SELECT JOB FROM MPSEMP WHERE DEPTNO = 20
  4  MINUS
  5  SELECT JOB FROM MPSEMP WHERE DEPTNO = 30;

JOB                                                                                                                                                                                                     
----------                                                                                                                                                                                              
ANALYST                                                                                                                                                                                                 
PRESIDENT                                                                                                                                                                                               

SQL> SELECT JOB FROM MPSEMP WHERE DEPTNO = 10;

JOB                                                                                                                                                                                                     
----------                                                                                                                                                                                              
PRESIDENT                                                                                                                                                                                               
MANAGER                                                                                                                                                                                                 
CLERK                                                                                                                                                                                                   

SQL> SELECT JOB FROM MPSEMP WHERE DEPTNO = 20;

JOB                                                                                                                                                                                                     
----------                                                                                                                                                                                              
MANAGER                                                                                                                                                                                                 
ANALYST                                                                                                                                                                                                 
CLERK                                                                                                                                                                                                   
ANALYST                                                                                                                                                                                                 
CLERK                                                                                                                                                                                                   

SQL> SELECT JOB FROM MPSEMP WHERE DEPTNO = 30;

JOB                                                                                                                                                                                                     
----------                                                                                                                                                                                              
MANAGER                                                                                                                                                                                                 
SALESMAN                                                                                                                                                                                                
SALESMAN                                                                                                                                                                                                
SALESMAN                                                                                                                                                                                                
SALESMAN                                                                                                                                                                                                
CLERK                                                                                                                                                                                                   

6 rows selected.

SQL> REM 10 INTERSECT 20 UNION ALL 30 : COUNT : 8 FR : CLERK LR : CLERK
SQL> 
SQL> SELECT JOB FROM MPSEMP WHERE DEPTNO = 10
  2  INTERSECT
  3  SELECT JOB FROM MPSEMP WHERE DEPTNO = 20
  4  UNION ALL
  5  SELECT JOB FROM MPSEMP WHERE DEPTNO = 30;

JOB                                                                                                                                                                                                     
----------                                                                                                                                                                                              
CLERK                                                                                                                                                                                                   
MANAGER                                                                                                                                                                                                 
MANAGER                                                                                                                                                                                                 
SALESMAN                                                                                                                                                                                                
SALESMAN                                                                                                                                                                                                
SALESMAN                                                                                                                                                                                                
SALESMAN                                                                                                                                                                                                
CLERK                                                                                                                                                                                                   

8 rows selected.

SQL> SELECT JOB FROM MPSEMP WHERE DEPTNO = 10;

JOB                                                                                                                                                                                                     
----------                                                                                                                                                                                              
PRESIDENT                                                                                                                                                                                               
MANAGER                                                                                                                                                                                                 
CLERK                                                                                                                                                                                                   

SQL> SELECT JOB FROM MPSEMP WHERE DEPTNO = 20;

JOB                                                                                                                                                                                                     
----------                                                                                                                                                                                              
MANAGER                                                                                                                                                                                                 
ANALYST                                                                                                                                                                                                 
CLERK                                                                                                                                                                                                   
ANALYST                                                                                                                                                                                                 
CLERK                                                                                                                                                                                                   

SQL> SELECT JOB FROM MPSEMP WHERE DEPTNO = 30;

JOB                                                                                                                                                                                                     
----------                                                                                                                                                                                              
MANAGER                                                                                                                                                                                                 
SALESMAN                                                                                                                                                                                                
SALESMAN                                                                                                                                                                                                
SALESMAN                                                                                                                                                                                                
SALESMAN                                                                                                                                                                                                
CLERK                                                                                                                                                                                                   

6 rows selected.

SQL> REM 10 INTERSECT 20 UNION 30 : COUNT : 3 FR : CLERK LR : SALESMAN
SQL> 
SQL> SELECT JOB FROM MPSEMP WHERE DEPTNO = 10
  2  INTERSECT
  3  SELECT JOB FROM MPSEMP WHERE DEPTNO = 20
  4  UNION
  5  SELECT JOB FROM MPSEMP WHERE DEPTNO = 30;

JOB                                                                                                                                                                                                     
----------                                                                                                                                                                                              
CLERK                                                                                                                                                                                                   
MANAGER                                                                                                                                                                                                 
SALESMAN                                                                                                                                                                                                

SQL> SELECT JOB FROM MPSEMP WHERE DEPTNO = 10;

JOB                                                                                                                                                                                                     
----------                                                                                                                                                                                              
PRESIDENT                                                                                                                                                                                               
MANAGER                                                                                                                                                                                                 
CLERK                                                                                                                                                                                                   

SQL> SELECT JOB FROM MPSEMP WHERE DEPTNO = 20;

JOB                                                                                                                                                                                                     
----------                                                                                                                                                                                              
MANAGER                                                                                                                                                                                                 
ANALYST                                                                                                                                                                                                 
CLERK                                                                                                                                                                                                   
ANALYST                                                                                                                                                                                                 
CLERK                                                                                                                                                                                                   

SQL> SELECT JOB FROM MPSEMP WHERE DEPTNO = 30;

JOB                                                                                                                                                                                                     
----------                                                                                                                                                                                              
MANAGER                                                                                                                                                                                                 
SALESMAN                                                                                                                                                                                                
SALESMAN                                                                                                                                                                                                
SALESMAN                                                                                                                                                                                                
SALESMAN                                                                                                                                                                                                
CLERK                                                                                                                                                                                                   

6 rows selected.

SQL> REM 10 INTERSECT 20 MINUS 30 : COUNT : 0 FR : LR :
SQL> 
SQL> SELECT JOB FROM MPSEMP WHERE DEPTNO = 10
  2  INTERSECT
  3  SELECT JOB FROM MPSEMP WHERE DEPTNO = 20
  4  MINUS
  5  SELECT JOB FROM MPSEMP WHERE DEPTNO = 30;

no rows selected

SQL> SELECT JOB FROM MPSEMP WHERE DEPTNO = 10;

JOB                                                                                                                                                                                                     
----------                                                                                                                                                                                              
PRESIDENT                                                                                                                                                                                               
MANAGER                                                                                                                                                                                                 
CLERK                                                                                                                                                                                                   

SQL> SELECT JOB FROM MPSEMP WHERE DEPTNO = 20;

JOB                                                                                                                                                                                                     
----------                                                                                                                                                                                              
MANAGER                                                                                                                                                                                                 
ANALYST                                                                                                                                                                                                 
CLERK                                                                                                                                                                                                   
ANALYST                                                                                                                                                                                                 
CLERK                                                                                                                                                                                                   

SQL> SELECT JOB FROM MPSEMP WHERE DEPTNO = 30;

JOB                                                                                                                                                                                                     
----------                                                                                                                                                                                              
MANAGER                                                                                                                                                                                                 
SALESMAN                                                                                                                                                                                                
SALESMAN                                                                                                                                                                                                
SALESMAN                                                                                                                                                                                                
SALESMAN                                                                                                                                                                                                
CLERK                                                                                                                                                                                                   

6 rows selected.

SQL> REM 10 MINUS 20 UNION ALL 30 : COUNT : 7 FR : PRESIDENT LR : CLERK
SQL> 
SQL> SELECT JOB FROM MPSEMP WHERE DEPTNO = 10
  2  MINUS
  3  SELECT JOB FROM MPSEMP WHERE DEPTNO = 20
  4  UNION ALL
  5  SELECT JOB FROM MPSEMP WHERE DEPTNO = 30;

JOB                                                                                                                                                                                                     
----------                                                                                                                                                                                              
PRESIDENT                                                                                                                                                                                               
MANAGER                                                                                                                                                                                                 
SALESMAN                                                                                                                                                                                                
SALESMAN                                                                                                                                                                                                
SALESMAN                                                                                                                                                                                                
SALESMAN                                                                                                                                                                                                
CLERK                                                                                                                                                                                                   

7 rows selected.

SQL> SELECT JOB FROM MPSEMP WHERE DEPTNO = 10;

JOB                                                                                                                                                                                                     
----------                                                                                                                                                                                              
PRESIDENT                                                                                                                                                                                               
MANAGER                                                                                                                                                                                                 
CLERK                                                                                                                                                                                                   

SQL> SELECT JOB FROM MPSEMP WHERE DEPTNO = 20;

JOB                                                                                                                                                                                                     
----------                                                                                                                                                                                              
MANAGER                                                                                                                                                                                                 
ANALYST                                                                                                                                                                                                 
CLERK                                                                                                                                                                                                   
ANALYST                                                                                                                                                                                                 
CLERK                                                                                                                                                                                                   

SQL> SELECT JOB FROM MPSEMP WHERE DEPTNO = 30;

JOB                                                                                                                                                                                                     
----------                                                                                                                                                                                              
MANAGER                                                                                                                                                                                                 
SALESMAN                                                                                                                                                                                                
SALESMAN                                                                                                                                                                                                
SALESMAN                                                                                                                                                                                                
SALESMAN                                                                                                                                                                                                
CLERK                                                                                                                                                                                                   

6 rows selected.

SQL> REM 10 MINUS 20 UNION 30 : COUNT : 4 FR : CLERK LR : SALESMAN
SQL> 
SQL> SELECT JOB FROM MPSEMP WHERE DEPTNO = 10
  2  MINUS
  3  SELECT JOB FROM MPSEMP WHERE DEPTNO = 20
  4  UNION
  5  SELECT JOB FROM MPSEMP WHERE DEPTNO = 30;

JOB                                                                                                                                                                                                     
----------                                                                                                                                                                                              
CLERK                                                                                                                                                                                                   
MANAGER                                                                                                                                                                                                 
PRESIDENT                                                                                                                                                                                               
SALESMAN                                                                                                                                                                                                

SQL> SELECT JOB FROM MPSEMP WHERE DEPTNO = 10;

JOB                                                                                                                                                                                                     
----------                                                                                                                                                                                              
PRESIDENT                                                                                                                                                                                               
MANAGER                                                                                                                                                                                                 
CLERK                                                                                                                                                                                                   

SQL> SELECT JOB FROM MPSEMP WHERE DEPTNO = 20;

JOB                                                                                                                                                                                                     
----------                                                                                                                                                                                              
MANAGER                                                                                                                                                                                                 
ANALYST                                                                                                                                                                                                 
CLERK                                                                                                                                                                                                   
ANALYST                                                                                                                                                                                                 
CLERK                                                                                                                                                                                                   

SQL> SELECT JOB FROM MPSEMP WHERE DEPTNO = 30;

JOB                                                                                                                                                                                                     
----------                                                                                                                                                                                              
MANAGER                                                                                                                                                                                                 
SALESMAN                                                                                                                                                                                                
SALESMAN                                                                                                                                                                                                
SALESMAN                                                                                                                                                                                                
SALESMAN                                                                                                                                                                                                
CLERK                                                                                                                                                                                                   

6 rows selected.

SQL> REM 10 MINUS 20 INTERSECT 30 : COUNT : 0 FR : LR :
SQL> 
SQL> REM 10 MINUS 20 MINUS 30 : COUNT : 1 FR : PRESIDENT LR :
SQL> 
SQL> REM 20 MINUS 10 MINUS 30 : COUNT : 1 FR : ANALYST LR :
SQL> 
SQL> REM 30 MINUS 10 MINUS 20 : COUNT : 1 FR : SALESMAN LR :
SQL> 
SQL> 
SQL> 
SQL> REM 4 SELECT + 3 SET OPERATORS : UNIQUE TO EACH DEPTNO
SQL> 
SQL> SELECT JOB FROM MPSEMP WHERE DEPTNO = 10;

JOB                                                                                                                                                                                                     
----------                                                                                                                                                                                              
PRESIDENT                                                                                                                                                                                               
MANAGER                                                                                                                                                                                                 
CLERK                                                                                                                                                                                                   

SQL> SELECT JOB FROM MPSEMP WHERE DEPTNO = 20;

JOB                                                                                                                                                                                                     
----------                                                                                                                                                                                              
MANAGER                                                                                                                                                                                                 
ANALYST                                                                                                                                                                                                 
CLERK                                                                                                                                                                                                   
ANALYST                                                                                                                                                                                                 
CLERK                                                                                                                                                                                                   

SQL> SELECT JOB FROM MPSEMP WHERE DEPTNO = 30;

JOB                                                                                                                                                                                                     
----------                                                                                                                                                                                              
MANAGER                                                                                                                                                                                                 
SALESMAN                                                                                                                                                                                                
SALESMAN                                                                                                                                                                                                
SALESMAN                                                                                                                                                                                                
SALESMAN                                                                                                                                                                                                
CLERK                                                                                                                                                                                                   

6 rows selected.

SQL> REM ANALYST PRESIDENT SALESMAN
SQL> 
SQL> SELECT JOB FROM MPSEMP
  2  MINUS
  3  SELECT JOB FROM MPSEMP WHERE DEPTNO = 10
  4  INTERSECT
  5  SELECT JOB FROM MPSEMP WHERE DEPTNO = 20
  6  INTERSECT
  7  SELECT JOB FROM MPSEMP WHERE DEPTNO = 30;

no rows selected

SQL> SELECT JOB FROM MPSEMP
  2  MINUS
  3  (SELECT JOB FROM MPSEMP WHERE DEPTNO = 10
  4  INTERSECT
  5  SELECT JOB FROM MPSEMP WHERE DEPTNO = 20
  6  INTERSECT
  7  SELECT JOB FROM MPSEMP WHERE DEPTNO = 30);

JOB                                                                                                                                                                                                     
----------                                                                                                                                                                                              
ANALYST                                                                                                                                                                                                 
PRESIDENT                                                                                                                                                                                               
SALESMAN                                                                                                                                                                                                

SQL> SPOOL OFF
