SQL> 
SQL> SELECT FIRST_NAME, HIRE_DATE, SUBSTR(HIRE_DATE,2,1) , SUBSTR(HIRE_DATE,-2,1) , NVL2(NULLIF(SUBSTR(HIRE_DATE,2,1) , SUBSTR(HIRE_DATE,-2,1)), 'DIFFERENT','SIMILAR') FROM EMPLOYEES;

FIRST_NAME HIRE_DATE SUBS SUBS NVL2(NULL                                                                                                                                                                
---------- --------- ---- ---- ---------                                                                                                                                                                
Steven     17-JUL-87 7    8    DIFFERENT                                                                                                                                                                
Neena      21-SEP-89 1    8    DIFFERENT                                                                                                                                                                
Lex        13-JAN-93 3    9    DIFFERENT                                                                                                                                                                
Alexander  03-JAN-90 3    9    DIFFERENT                                                                                                                                                                
Bruce      21-MAY-91 1    9    DIFFERENT                                                                                                                                                                
Diana      07-FEB-99 7    9    DIFFERENT                                                                                                                                                                
Kevin      16-NOV-99 6    9    DIFFERENT                                                                                                                                                                
Trenna     17-OCT-95 7    9    DIFFERENT                                                                                                                                                                
Curtis     29-JAN-97 9    9    SIMILAR                                                                                                                                                                  
Randall    15-MAR-98 5    9    DIFFERENT                                                                                                                                                                
Peter      09-JUL-98 9    9    SIMILAR                                                                                                                                                                  
Eleni      29-JAN-00 9    0    DIFFERENT                                                                                                                                                                
Ellen      11-MAY-96 1    9    DIFFERENT                                                                                                                                                                
Jonathon   24-MAR-98 4    9    DIFFERENT                                                                                                                                                                
Kimerely   24-MAY-99 4    9    DIFFERENT                                                                                                                                                                
Jennifer   17-SEP-87 7    8    DIFFERENT                                                                                                                                                                
Michael    17-FEB-96 7    9    DIFFERENT                                                                                                                                                                
Pat        17-AUG-97 7    9    DIFFERENT                                                                                                                                                                
Shelley    07-JUN-94 7    9    DIFFERENT                                                                                                                                                                
William    07-JUN-94 7    9    DIFFERENT                                                                                                                                                                

20 rows selected.

SQL> REM LIST OF NULL RELATED FUNCTIONS : 1 NVL 2 NVL2 3 NULLIF 4 COALESCE
SQL> 
SQL> REM COLAESCE : IT TAKES INFINITE ARGUMENTS.
SQL> 
SQL> REM IT WILL CHECK FROM LEFT TO RIGHT.
SQL> 
SQL> REM IT WILL RETURN FIRST NON-NULL VALUE FROM THE LIST.
SQL> 
SQL> REM DATA TYPES OF ALL ARGUMENTS MUST BE SAME.
SQL> 
SQL> SELECT * FROM CONTACTNO;

NAME                     MOBILE     OPHONE     RPHONE                                                                                                                                                   
-------------------- ---------- ---------- ----------                                                                                                                                                   
AMIT                 1234567890 9876543210 1122334455                                                                                                                                                   
BIREN                6644882244            9876452316                                                                                                                                                   
CHETAN                          2277554488                                                                                                                                                              
DHIREN                                     6789054123                                                                                                                                                   
EKTA                                                                                                                                                                                                    

SQL> 
SQL> REM NAME    CONTACTNO
SQL> 
SQL> SELECT NAME , MOBILE CONTACTNO FROM CONTACTNO;

NAME                  CONTACTNO                                                                                                                                                                         
-------------------- ----------                                                                                                                                                                         
AMIT                 1234567890                                                                                                                                                                         
BIREN                6644882244                                                                                                                                                                         
CHETAN                                                                                                                                                                                                  
DHIREN                                                                                                                                                                                                  
EKTA                                                                                                                                                                                                    

SQL> SELECT NAME , COALESCE(MOBILE,OPHONE,RPHONE) CONTACTNO FROM CONTACTNO;

NAME                  CONTACTNO                                                                                                                                                                         
-------------------- ----------                                                                                                                                                                         
AMIT                 1234567890                                                                                                                                                                         
BIREN                6644882244                                                                                                                                                                         
CHETAN               2277554488                                                                                                                                                                         
DHIREN               6789054123                                                                                                                                                                         
EKTA                                                                                                                                                                                                    

SQL> SELECT NAME , COALESCE(OPHONE,MOBILE,RPHONE) CONTACTNO FROM CONTACTNO;

NAME                  CONTACTNO                                                                                                                                                                         
-------------------- ----------                                                                                                                                                                         
AMIT                 9876543210                                                                                                                                                                         
BIREN                6644882244                                                                                                                                                                         
CHETAN               2277554488                                                                                                                                                                         
DHIREN               6789054123                                                                                                                                                                         
EKTA                                                                                                                                                                                                    

SQL> 
SQL> SELECT NAME , COALESCE(OPHONE,MOBILE,RPHONE,1800600300) CONTACTNO FROM CONTACTNO;

NAME                  CONTACTNO                                                                                                                                                                         
-------------------- ----------                                                                                                                                                                         
AMIT                 9876543210                                                                                                                                                                         
BIREN                6644882244                                                                                                                                                                         
CHETAN               2277554488                                                                                                                                                                         
DHIREN               6789054123                                                                                                                                                                         
EKTA                 1800600300                                                                                                                                                                         

SQL> SELECT COMMISSION_PCT , MANAGER_ID , DEPARTMENT_ID FROM EMPLOYEES;

COMMISSION_PCT MANAGER_ID DEPARTMENT_ID                                                                                                                                                                 
-------------- ---------- -------------                                                                                                                                                                 
                                     90                                                                                                                                                                 
                      100            90                                                                                                                                                                 
                      100            90                                                                                                                                                                 
                      102            60                                                                                                                                                                 
                      103            60                                                                                                                                                                 
                      103            60                                                                                                                                                                 
                      100            50                                                                                                                                                                 
                      124            50                                                                                                                                                                 
                      124            50                                                                                                                                                                 
                      124            50                                                                                                                                                                 
                      124            50                                                                                                                                                                 
            .2        100            80                                                                                                                                                                 
            .3        149            80                                                                                                                                                                 
            .3        149            80                                                                                                                                                                 
           .15        149                                                                                                                                                                               
                      101            10                                                                                                                                                                 
                      100            20                                                                                                                                                                 
                      201            20                                                                                                                                                                 
                      101           110                                                                                                                                                                 
                      205           110                                                                                                                                                                 

20 rows selected.

SQL> SELECT COALESCE(COMMISSION_PCT , MANAGER_ID , DEPARTMENT_ID) FROM EMPLOYEES;

COALESCE(COMMISSION_PCT,MANAGER_ID,DEPARTMENT_ID)                                                                                                                                                       
-------------------------------------------------                                                                                                                                                       
                                               90                                                                                                                                                       
                                              100                                                                                                                                                       
                                              100                                                                                                                                                       
                                              102                                                                                                                                                       
                                              103                                                                                                                                                       
                                              103                                                                                                                                                       
                                              100                                                                                                                                                       
                                              124                                                                                                                                                       
                                              124                                                                                                                                                       
                                              124                                                                                                                                                       
                                              124                                                                                                                                                       
                                               .2                                                                                                                                                       
                                               .3                                                                                                                                                       
                                               .3                                                                                                                                                       
                                              .15                                                                                                                                                       
                                              101                                                                                                                                                       
                                              100                                                                                                                                                       
                                              201                                                                                                                                                       
                                              101                                                                                                                                                       
                                              205                                                                                                                                                       

20 rows selected.

SQL> REM CONDITIONAL FUNCTIONS :
SQL> 
SQL> REM LIST OF CONDITIONAL FUNCTIONS : 1 DECODE 2 CASE WHEN ... 3 CASE ... WHEN
SQL> 
SQL> REM LIST OF CONDITIONAL FUNCTIONS : 1 DECODE 2 CASE ... WHEN 3 CASE WHEN ...
SQL> 
SQL> 
SQL> 
SQL> REM COMPANY DECIDES INCREMENT : +1500
SQL> 
SQL> SELECT FIRST_NAME , SALARY , SALARY + 1500 NEW_INCREMENT FROM EMPLOYEES;

FIRST_NAME     SALARY NEW_INCREMENT                                                                                                                                                                     
---------- ---------- -------------                                                                                                                                                                     
Steven          24000         25500                                                                                                                                                                     
Neena           17000         18500                                                                                                                                                                     
Lex             17000         18500                                                                                                                                                                     
Alexander        9000         10500                                                                                                                                                                     
Bruce            6000          7500                                                                                                                                                                     
Diana            4200          5700                                                                                                                                                                     
Kevin            5800          7300                                                                                                                                                                     
Trenna           3500          5000                                                                                                                                                                     
Curtis           3100          4600                                                                                                                                                                     
Randall          2600          4100                                                                                                                                                                     
Peter            2500          4000                                                                                                                                                                     
Eleni           10500         12000                                                                                                                                                                     
Ellen           11000         12500                                                                                                                                                                     
Jonathon         8600         10100                                                                                                                                                                     
Kimerely         7000          8500                                                                                                                                                                     
Jennifer         4400          5900                                                                                                                                                                     
Michael         13000         14500                                                                                                                                                                     
Pat              6000          7500                                                                                                                                                                     
Shelley         12000         13500                                                                                                                                                                     
William          8300          9800                                                                                                                                                                     

20 rows selected.

SQL> REM COMPANY DECIDES INCREMENT : 20%
SQL> 
SQL> SELECT FIRST_NAME , SALARY , SALARY * 1.2 NEW_INCREMENT FROM EMPLOYEES;

FIRST_NAME     SALARY NEW_INCREMENT                                                                                                                                                                     
---------- ---------- -------------                                                                                                                                                                     
Steven          24000         28800                                                                                                                                                                     
Neena           17000         20400                                                                                                                                                                     
Lex             17000         20400                                                                                                                                                                     
Alexander        9000         10800                                                                                                                                                                     
Bruce            6000          7200                                                                                                                                                                     
Diana            4200          5040                                                                                                                                                                     
Kevin            5800          6960                                                                                                                                                                     
Trenna           3500          4200                                                                                                                                                                     
Curtis           3100          3720                                                                                                                                                                     
Randall          2600          3120                                                                                                                                                                     
Peter            2500          3000                                                                                                                                                                     
Eleni           10500         12600                                                                                                                                                                     
Ellen           11000         13200                                                                                                                                                                     
Jonathon         8600         10320                                                                                                                                                                     
Kimerely         7000          8400                                                                                                                                                                     
Jennifer         4400          5280                                                                                                                                                                     
Michael         13000         15600                                                                                                                                                                     
Pat              6000          7200                                                                                                                                                                     
Shelley         12000         14400                                                                                                                                                                     
William          8300          9960                                                                                                                                                                     

20 rows selected.

SQL> REM DEPARTMENT_ID : 20 +2000 , 50 +1500 , 80 +1000 , REMAINING +750
SQL> 
SQL> SELECT FIRST_NAME , DEPARTMENT_ID , SALARY ,
  2  DECODE ( DEPARTMENT_ID , 20 , SALARY + 2000
  3                         , 50 , SALARY + 1500
  4                         , 80 , SALARY + 1000 , SALARY + 750) NEW_SALARY
  5  FROM EMPLOYEES
  6  ORDER BY 2;

FIRST_NAME DEPARTMENT_ID     SALARY NEW_SALARY                                                                                                                                                          
---------- ------------- ---------- ----------                                                                                                                                                          
Jennifer              10       4400       5150                                                                                                                                                          
Michael               20      13000      15000                                                                                                                                                          
Pat                   20       6000       8000                                                                                                                                                          
Kevin                 50       5800       7300                                                                                                                                                          
Peter                 50       2500       4000                                                                                                                                                          
Randall               50       2600       4100                                                                                                                                                          
Curtis                50       3100       4600                                                                                                                                                          
Trenna                50       3500       5000                                                                                                                                                          
Diana                 60       4200       4950                                                                                                                                                          
Bruce                 60       6000       6750                                                                                                                                                          
Alexander             60       9000       9750                                                                                                                                                          
Ellen                 80      11000      12000                                                                                                                                                          
Eleni                 80      10500      11500                                                                                                                                                          
Jonathon              80       8600       9600                                                                                                                                                          
Lex                   90      17000      17750                                                                                                                                                          
Steven                90      24000      24750                                                                                                                                                          
Neena                 90      17000      17750                                                                                                                                                          
William              110       8300       9050                                                                                                                                                          
Shelley              110      12000      12750                                                                                                                                                          
Kimerely                       7000       7750                                                                                                                                                          

20 rows selected.

SQL> REM DEPARTMENT_ID : 20 +2000 , 50 +1500 , 80 +1000 , REMAINING NO INCREMENT
SQL> 
SQL> SELECT FIRST_NAME , DEPARTMENT_ID , SALARY ,
  2  DECODE ( DEPARTMENT_ID , 20 , SALARY + 2000
  3                         , 50 , SALARY + 1500
  4                         , 80 , SALARY + 1000) NEW_SALARY
  5  FROM EMPLOYEES
  6  ORDER BY 2;

FIRST_NAME DEPARTMENT_ID     SALARY NEW_SALARY                                                                                                                                                          
---------- ------------- ---------- ----------                                                                                                                                                          
Jennifer              10       4400                                                                                                                                                                     
Michael               20      13000      15000                                                                                                                                                          
Pat                   20       6000       8000                                                                                                                                                          
Kevin                 50       5800       7300                                                                                                                                                          
Peter                 50       2500       4000                                                                                                                                                          
Randall               50       2600       4100                                                                                                                                                          
Curtis                50       3100       4600                                                                                                                                                          
Trenna                50       3500       5000                                                                                                                                                          
Diana                 60       4200                                                                                                                                                                     
Bruce                 60       6000                                                                                                                                                                     
Alexander             60       9000                                                                                                                                                                     
Ellen                 80      11000      12000                                                                                                                                                          
Eleni                 80      10500      11500                                                                                                                                                          
Jonathon              80       8600       9600                                                                                                                                                          
Lex                   90      17000                                                                                                                                                                     
Steven                90      24000                                                                                                                                                                     
Neena                 90      17000                                                                                                                                                                     
William              110       8300                                                                                                                                                                     
Shelley              110      12000                                                                                                                                                                     
Kimerely                       7000                                                                                                                                                                     

20 rows selected.

SQL> DECODE ( DEPARTMENT_ID , 20 , SALARY + 2000
SP2-0734: unknown command beginning "DECODE ( D..." - rest of line ignored.
SQL>                        , 50 , SALARY + 1500
SP2-0734: unknown command beginning ", 50 , SAL..." - rest of line ignored.
SQL> 
SQL> 
SQL> SELECT FIRST_NAME , DEPARTMENT_ID , SALARY ,
  2  DECODE ( DEPARTMENT_ID , 20 , SALARY + 2000
  3                         , 50 , SALARY + 1500
  4                         , 80 , SALARY + 1000 , SALARY) NEW_SALARY
  5  FROM EMPLOYEES
  6  ORDER BY 2;

FIRST_NAME DEPARTMENT_ID     SALARY NEW_SALARY                                                                                                                                                          
---------- ------------- ---------- ----------                                                                                                                                                          
Jennifer              10       4400       4400                                                                                                                                                          
Michael               20      13000      15000                                                                                                                                                          
Pat                   20       6000       8000                                                                                                                                                          
Kevin                 50       5800       7300                                                                                                                                                          
Peter                 50       2500       4000                                                                                                                                                          
Randall               50       2600       4100                                                                                                                                                          
Curtis                50       3100       4600                                                                                                                                                          
Trenna                50       3500       5000                                                                                                                                                          
Diana                 60       4200       4200                                                                                                                                                          
Bruce                 60       6000       6000                                                                                                                                                          
Alexander             60       9000       9000                                                                                                                                                          
Ellen                 80      11000      12000                                                                                                                                                          
Eleni                 80      10500      11500                                                                                                                                                          
Jonathon              80       8600       9600                                                                                                                                                          
Lex                   90      17000      17000                                                                                                                                                          
Steven                90      24000      24000                                                                                                                                                          
Neena                 90      17000      17000                                                                                                                                                          
William              110       8300       8300                                                                                                                                                          
Shelley              110      12000      12000                                                                                                                                                          
Kimerely                       7000       7000                                                                                                                                                          

20 rows selected.

SQL> SELECT * FROM EMPLOYEES;

EMPLOYEE_ID FIRST_NAME LAST_NAME  EMAIL      PHONE_NUMBER         HIRE_DATE JOB_ID         SALARY COMMISSION_PCT MANAGER_ID DEPARTMENT_ID                                                               
----------- ---------- ---------- ---------- -------------------- --------- ---------- ---------- -------------- ---------- -------------                                                               
        100 Steven     King       SKING      515.123.4567         17-JUL-87 AD_PRES         24000                                      90                                                               
        101 Neena      Kochhar    NKOCHHAR   515.123.4568         21-SEP-89 AD_VP           17000                       100            90                                                               
        102 Lex        De Haan    LDEHAAN    515.123.4569         13-JAN-93 AD_VP           17000                       100            90                                                               
        103 Alexander  Hunold     AHUNOLD    590.423.4567         03-JAN-90 IT_PROG          9000                       102            60                                                               
        104 Bruce      Ernst      BERNST     590.423.4568         21-MAY-91 IT_PROG          6000                       103            60                                                               
        107 Diana      Lorentz    DLORENTZ   590.423.5567         07-FEB-99 IT_PROG          4200                       103            60                                                               
        124 Kevin      Mourgos    KMOURGOS   650.123.5234         16-NOV-99 ST_MAN           5800                       100            50                                                               
        141 Trenna     Rajs       TRAJS      650.121.8009         17-OCT-95 ST_CLERK         3500                       124            50                                                               
        142 Curtis     Davies     CDAVIES    650.121.2994         29-JAN-97 ST_CLERK         3100                       124            50                                                               
        143 Randall    Matos      RMATOS     650.121.2874         15-MAR-98 ST_CLERK         2600                       124            50                                                               
        144 Peter      Vargas     PVARGAS    650.121.2004         09-JUL-98 ST_CLERK         2500                       124            50                                                               
        149 Eleni      Zlotkey    EZLOTKEY   011.44.1344.429018   29-JAN-00 SA_MAN          10500             .2        100            80                                                               
        174 Ellen      Abel       EABEL      011.44.1644.429267   11-MAY-96 SA_REP          11000             .3        149            80                                                               
        176 Jonathon   Taylor     JTAYLOR    011.44.1644.429265   24-MAR-98 SA_REP           8600             .3        149            80                                                               
        178 Kimerely   Grant      KGRANT     011.44.1644.429263   24-MAY-99 SA_REP           7000            .15        149                                                                             
        200 Jennifer   Whalen     JWHALEN    515.123.4444         17-SEP-87 AD_ASST          4400                       101            10                                                               
        201 Michael    Hartstein  MHARTSTE   515.123.5555         17-FEB-96 MK_MAN          13000                       100            20                                                               
        202 Pat        Fay        PFAY       603.123.6666         17-AUG-97 MK_REP           6000                       201            20                                                               
        205 Shelley    Higgins    SHIGGINS   515.123.8080         07-JUN-94 AC_MGR          12000                       101           110                                                               
        206 William    Gietz      WGIETZ     515.123.8181         07-JUN-94 AC_ACCOUNT       8300                       205           110                                                               

20 rows selected.

SQL> REM MANAGER_ID : 100 10% , 124 20% , 149 30% , REMAINING 12.5% INCREMENT
SQL> 
SQL> SELECT FIRST_NAME , SALARY , MANAGER_ID ,
  2  DECODE (MANAGER_ID , 100 , SALARY * 1.1
  3                     , 124 , SALARY * 1.2
  4                     , 149 , SALARY * 1.3 , SALARY * 1.125) NEW_SALARY
  5  FROM EMPLOYEES
  6  ORDER BY 3;

FIRST_NAME     SALARY MANAGER_ID NEW_SALARY                                                                                                                                                             
---------- ---------- ---------- ----------                                                                                                                                                             
Michael         13000        100      14300                                                                                                                                                             
Neena           17000        100      18700                                                                                                                                                             
Lex             17000        100      18700                                                                                                                                                             
Eleni           10500        100      11550                                                                                                                                                             
Kevin            5800        100       6380                                                                                                                                                             
Shelley         12000        101      13500                                                                                                                                                             
Jennifer         4400        101       4950                                                                                                                                                             
Alexander        9000        102      10125                                                                                                                                                             
Bruce            6000        103       6750                                                                                                                                                             
Diana            4200        103       4725                                                                                                                                                             
Curtis           3100        124       3720                                                                                                                                                             
Randall          2600        124       3120                                                                                                                                                             
Peter            2500        124       3000                                                                                                                                                             
Trenna           3500        124       4200                                                                                                                                                             
Kimerely         7000        149       9100                                                                                                                                                             
Ellen           11000        149      14300                                                                                                                                                             
Jonathon         8600        149      11180                                                                                                                                                             
Pat              6000        201       6750                                                                                                                                                             
William          8300        205     9337.5                                                                                                                                                             
Steven          24000                 27000                                                                                                                                                             

20 rows selected.

SQL> SELECT SALARY + SALARY * 10 / 100 FROM EMPLOYEES;

SALARY+SALARY*10/100                                                                                                                                                                                    
--------------------                                                                                                                                                                                    
               26400                                                                                                                                                                                    
               18700                                                                                                                                                                                    
               18700                                                                                                                                                                                    
                9900                                                                                                                                                                                    
                6600                                                                                                                                                                                    
                4620                                                                                                                                                                                    
                6380                                                                                                                                                                                    
                3850                                                                                                                                                                                    
                3410                                                                                                                                                                                    
                2860                                                                                                                                                                                    
                2750                                                                                                                                                                                    
               11550                                                                                                                                                                                    
               12100                                                                                                                                                                                    
                9460                                                                                                                                                                                    
                7700                                                                                                                                                                                    
                4840                                                                                                                                                                                    
               14300                                                                                                                                                                                    
                6600                                                                                                                                                                                    
               13200                                                                                                                                                                                    
                9130                                                                                                                                                                                    

20 rows selected.

SQL> SELECT SALRAY , SALARY + SALARY * 10 / 100 FROM EMPLOYEES;
SELECT SALRAY , SALARY + SALARY * 10 / 100 FROM EMPLOYEES
       *
ERROR at line 1:
ORA-00904: "SALRAY": invalid identifier 


SQL> SELECT SALARY , SALARY + SALARY * 10 / 100 FROM EMPLOYEES;

    SALARY SALARY+SALARY*10/100                                                                                                                                                                         
---------- --------------------                                                                                                                                                                         
     24000                26400                                                                                                                                                                         
     17000                18700                                                                                                                                                                         
     17000                18700                                                                                                                                                                         
      9000                 9900                                                                                                                                                                         
      6000                 6600                                                                                                                                                                         
      4200                 4620                                                                                                                                                                         
      5800                 6380                                                                                                                                                                         
      3500                 3850                                                                                                                                                                         
      3100                 3410                                                                                                                                                                         
      2600                 2860                                                                                                                                                                         
      2500                 2750                                                                                                                                                                         
     10500                11550                                                                                                                                                                         
     11000                12100                                                                                                                                                                         
      8600                 9460                                                                                                                                                                         
      7000                 7700                                                                                                                                                                         
      4400                 4840                                                                                                                                                                         
     13000                14300                                                                                                                                                                         
      6000                 6600                                                                                                                                                                         
     12000                13200                                                                                                                                                                         
      8300                 9130                                                                                                                                                                         

20 rows selected.

SQL> SELECT 10/100 FROM DUAL;

    10/100                                                                                                                                                                                              
----------                                                                                                                                                                                              
        .1                                                                                                                                                                                              

SQL> SELECT SALARY , SALARY + SALARY * .1 FROM EMPLOYEES;

    SALARY SALARY+SALARY*.1                                                                                                                                                                             
---------- ----------------                                                                                                                                                                             
     24000            26400                                                                                                                                                                             
     17000            18700                                                                                                                                                                             
     17000            18700                                                                                                                                                                             
      9000             9900                                                                                                                                                                             
      6000             6600                                                                                                                                                                             
      4200             4620                                                                                                                                                                             
      5800             6380                                                                                                                                                                             
      3500             3850                                                                                                                                                                             
      3100             3410                                                                                                                                                                             
      2600             2860                                                                                                                                                                             
      2500             2750                                                                                                                                                                             
     10500            11550                                                                                                                                                                             
     11000            12100                                                                                                                                                                             
      8600             9460                                                                                                                                                                             
      7000             7700                                                                                                                                                                             
      4400             4840                                                                                                                                                                             
     13000            14300                                                                                                                                                                             
      6000             6600                                                                                                                                                                             
     12000            13200                                                                                                                                                                             
      8300             9130                                                                                                                                                                             

20 rows selected.

SQL> SELECT SALARY , SALARY * 1.1 FROM EMPLOYEES;

    SALARY SALARY*1.1                                                                                                                                                                                   
---------- ----------                                                                                                                                                                                   
     24000      26400                                                                                                                                                                                   
     17000      18700                                                                                                                                                                                   
     17000      18700                                                                                                                                                                                   
      9000       9900                                                                                                                                                                                   
      6000       6600                                                                                                                                                                                   
      4200       4620                                                                                                                                                                                   
      5800       6380                                                                                                                                                                                   
      3500       3850                                                                                                                                                                                   
      3100       3410                                                                                                                                                                                   
      2600       2860                                                                                                                                                                                   
      2500       2750                                                                                                                                                                                   
     10500      11550                                                                                                                                                                                   
     11000      12100                                                                                                                                                                                   
      8600       9460                                                                                                                                                                                   
      7000       7700                                                                                                                                                                                   
      4400       4840                                                                                                                                                                                   
     13000      14300                                                                                                                                                                                   
      6000       6600                                                                                                                                                                                   
     12000      13200                                                                                                                                                                                   
      8300       9130                                                                                                                                                                                   

20 rows selected.

SQL> SELECT * FROM EMPLOYEES;

EMPLOYEE_ID FIRST_NAME LAST_NAME  EMAIL      PHONE_NUMBER         HIRE_DATE JOB_ID         SALARY COMMISSION_PCT MANAGER_ID DEPARTMENT_ID                                                               
----------- ---------- ---------- ---------- -------------------- --------- ---------- ---------- -------------- ---------- -------------                                                               
        100 Steven     King       SKING      515.123.4567         17-JUL-87 AD_PRES         24000                                      90                                                               
        101 Neena      Kochhar    NKOCHHAR   515.123.4568         21-SEP-89 AD_VP           17000                       100            90                                                               
        102 Lex        De Haan    LDEHAAN    515.123.4569         13-JAN-93 AD_VP           17000                       100            90                                                               
        103 Alexander  Hunold     AHUNOLD    590.423.4567         03-JAN-90 IT_PROG          9000                       102            60                                                               
        104 Bruce      Ernst      BERNST     590.423.4568         21-MAY-91 IT_PROG          6000                       103            60                                                               
        107 Diana      Lorentz    DLORENTZ   590.423.5567         07-FEB-99 IT_PROG          4200                       103            60                                                               
        124 Kevin      Mourgos    KMOURGOS   650.123.5234         16-NOV-99 ST_MAN           5800                       100            50                                                               
        141 Trenna     Rajs       TRAJS      650.121.8009         17-OCT-95 ST_CLERK         3500                       124            50                                                               
        142 Curtis     Davies     CDAVIES    650.121.2994         29-JAN-97 ST_CLERK         3100                       124            50                                                               
        143 Randall    Matos      RMATOS     650.121.2874         15-MAR-98 ST_CLERK         2600                       124            50                                                               
        144 Peter      Vargas     PVARGAS    650.121.2004         09-JUL-98 ST_CLERK         2500                       124            50                                                               
        149 Eleni      Zlotkey    EZLOTKEY   011.44.1344.429018   29-JAN-00 SA_MAN          10500             .2        100            80                                                               
        174 Ellen      Abel       EABEL      011.44.1644.429267   11-MAY-96 SA_REP          11000             .3        149            80                                                               
        176 Jonathon   Taylor     JTAYLOR    011.44.1644.429265   24-MAR-98 SA_REP           8600             .3        149            80                                                               
        178 Kimerely   Grant      KGRANT     011.44.1644.429263   24-MAY-99 SA_REP           7000            .15        149                                                                             
        200 Jennifer   Whalen     JWHALEN    515.123.4444         17-SEP-87 AD_ASST          4400                       101            10                                                               
        201 Michael    Hartstein  MHARTSTE   515.123.5555         17-FEB-96 MK_MAN          13000                       100            20                                                               
        202 Pat        Fay        PFAY       603.123.6666         17-AUG-97 MK_REP           6000                       201            20                                                               
        205 Shelley    Higgins    SHIGGINS   515.123.8080         07-JUN-94 AC_MGR          12000                       101           110                                                               
        206 William    Gietz      WGIETZ     515.123.8181         07-JUN-94 AC_ACCOUNT       8300                       205           110                                                               

20 rows selected.

SQL> REM JOB_ID : IT_PROG +1500 , ST_CLERK -750 , SA_REP +15% , REMAINING -7.5%
SQL> 
SQL> SELECT FIRST_NAME , SALARY , JOB_ID ,
  2  DECODE( JOB_ID , 'IT_PROG' , SALARY + 1500
  3                 , 'ST_CLERK' , SALARY - 750
  4                 , 'SA_REP' , SALARY * 1.15  , SALARY * 0.0925) NEW_SALARY
  5  FROM EMPLOYEES
  6  ORDER BY 3;

FIRST_NAME     SALARY JOB_ID     NEW_SALARY                                                                                                                                                             
---------- ---------- ---------- ----------                                                                                                                                                             
William          8300 AC_ACCOUNT     767.75                                                                                                                                                             
Shelley         12000 AC_MGR           1110                                                                                                                                                             
Jennifer         4400 AD_ASST           407                                                                                                                                                             
Steven          24000 AD_PRES          2220                                                                                                                                                             
Lex             17000 AD_VP          1572.5                                                                                                                                                             
Neena           17000 AD_VP          1572.5                                                                                                                                                             
Alexander        9000 IT_PROG         10500                                                                                                                                                             
Bruce            6000 IT_PROG          7500                                                                                                                                                             
Diana            4200 IT_PROG          5700                                                                                                                                                             
Michael         13000 MK_MAN         1202.5                                                                                                                                                             
Pat              6000 MK_REP            555                                                                                                                                                             
Eleni           10500 SA_MAN         971.25                                                                                                                                                             
Ellen           11000 SA_REP          12650                                                                                                                                                             
Kimerely         7000 SA_REP           8050                                                                                                                                                             
Jonathon         8600 SA_REP           9890                                                                                                                                                             
Randall          2600 ST_CLERK         1850                                                                                                                                                             
Curtis           3100 ST_CLERK         2350                                                                                                                                                             
Trenna           3500 ST_CLERK         2750                                                                                                                                                             
Peter            2500 ST_CLERK         1750                                                                                                                                                             
Kevin            5800 ST_MAN          536.5                                                                                                                                                             

20 rows selected.

SQL> SELECT FIRST_NAME , SALARY , JOB_ID ,
  2  DECODE( JOB_ID , 'IT_PROG' , SALARY + 1500
  3                 , 'ST_CLERK' , SALARY - 750
  4                 , 'SA_REP' , SALARY * 1.15  , SALARY * 0.925) NEW_SALARY
  5  FROM EMPLOYEES
  6  ORDER BY 3;

FIRST_NAME     SALARY JOB_ID     NEW_SALARY                                                                                                                                                             
---------- ---------- ---------- ----------                                                                                                                                                             
William          8300 AC_ACCOUNT     7677.5                                                                                                                                                             
Shelley         12000 AC_MGR          11100                                                                                                                                                             
Jennifer         4400 AD_ASST          4070                                                                                                                                                             
Steven          24000 AD_PRES         22200                                                                                                                                                             
Lex             17000 AD_VP           15725                                                                                                                                                             
Neena           17000 AD_VP           15725                                                                                                                                                             
Alexander        9000 IT_PROG         10500                                                                                                                                                             
Bruce            6000 IT_PROG          7500                                                                                                                                                             
Diana            4200 IT_PROG          5700                                                                                                                                                             
Michael         13000 MK_MAN          12025                                                                                                                                                             
Pat              6000 MK_REP           5550                                                                                                                                                             
Eleni           10500 SA_MAN         9712.5                                                                                                                                                             
Ellen           11000 SA_REP          12650                                                                                                                                                             
Kimerely         7000 SA_REP           8050                                                                                                                                                             
Jonathon         8600 SA_REP           9890                                                                                                                                                             
Randall          2600 ST_CLERK         1850                                                                                                                                                             
Curtis           3100 ST_CLERK         2350                                                                                                                                                             
Trenna           3500 ST_CLERK         2750                                                                                                                                                             
Peter            2500 ST_CLERK         1750                                                                                                                                                             
Kevin            5800 ST_MAN           5365                                                                                                                                                             

20 rows selected.

SQL> SELECT 1 - .075 FROM DUAL;

    1-.075                                                                                                                                                                                              
----------                                                                                                                                                                                              
      .925                                                                                                                                                                                              

SQL> SELECT FIRST_NAME , SALARY , JOB_ID ,
  2  DECODE( JOB_ID , 'IT_PROG' , SALARY + 1500
  3                 , 'ST_CLERK' , SALARY - 750
  4                 , 'SA_REP' , SALARY * 1.15  , SALARY - SALARY * .075) NEW_SALARY
  5  FROM EMPLOYEES
  6  ORDER BY 3;

FIRST_NAME     SALARY JOB_ID     NEW_SALARY                                                                                                                                                             
---------- ---------- ---------- ----------                                                                                                                                                             
William          8300 AC_ACCOUNT     7677.5                                                                                                                                                             
Shelley         12000 AC_MGR          11100                                                                                                                                                             
Jennifer         4400 AD_ASST          4070                                                                                                                                                             
Steven          24000 AD_PRES         22200                                                                                                                                                             
Lex             17000 AD_VP           15725                                                                                                                                                             
Neena           17000 AD_VP           15725                                                                                                                                                             
Alexander        9000 IT_PROG         10500                                                                                                                                                             
Bruce            6000 IT_PROG          7500                                                                                                                                                             
Diana            4200 IT_PROG          5700                                                                                                                                                             
Michael         13000 MK_MAN          12025                                                                                                                                                             
Pat              6000 MK_REP           5550                                                                                                                                                             
Eleni           10500 SA_MAN         9712.5                                                                                                                                                             
Ellen           11000 SA_REP          12650                                                                                                                                                             
Kimerely         7000 SA_REP           8050                                                                                                                                                             
Jonathon         8600 SA_REP           9890                                                                                                                                                             
Randall          2600 ST_CLERK         1850                                                                                                                                                             
Curtis           3100 ST_CLERK         2350                                                                                                                                                             
Trenna           3500 ST_CLERK         2750                                                                                                                                                             
Peter            2500 ST_CLERK         1750                                                                                                                                                             
Kevin            5800 ST_MAN           5365                                                                                                                                                             

20 rows selected.

SQL> SELECT DEPARTMENT__ID , JOB_ID , FIRST_NAME , SALARY FROM EMPLOYEES ORDER BY 1,2;
SELECT DEPARTMENT__ID , JOB_ID , FIRST_NAME , SALARY FROM EMPLOYEES ORDER BY 1,2
       *
ERROR at line 1:
ORA-00904: "DEPARTMENT__ID": invalid identifier 


SQL> SELECT DEPARTMENT_ID , JOB_ID , FIRST_NAME , SALARY FROM EMPLOYEES ORDER BY 1,2;

DEPARTMENT_ID JOB_ID     FIRST_NAME     SALARY                                                                                                                                                          
------------- ---------- ---------- ----------                                                                                                                                                          
           10 AD_ASST    Jennifer         4400                                                                                                                                                          
           20 MK_MAN     Michael         13000                                                                                                                                                          
           20 MK_REP     Pat              6000                                                                                                                                                          
           50 ST_CLERK   Trenna           3500                                                                                                                                                          
           50 ST_CLERK   Peter            2500                                                                                                                                                          
           50 ST_CLERK   Randall          2600                                                                                                                                                          
           50 ST_CLERK   Curtis           3100                                                                                                                                                          
           50 ST_MAN     Kevin            5800                                                                                                                                                          
           60 IT_PROG    Diana            4200                                                                                                                                                          
           60 IT_PROG    Bruce            6000                                                                                                                                                          
           60 IT_PROG    Alexander        9000                                                                                                                                                          
           80 SA_MAN     Eleni           10500                                                                                                                                                          
           80 SA_REP     Ellen           11000                                                                                                                                                          
           80 SA_REP     Jonathon         8600                                                                                                                                                          
           90 AD_PRES    Steven          24000                                                                                                                                                          
           90 AD_VP      Lex             17000                                                                                                                                                          
           90 AD_VP      Neena           17000                                                                                                                                                          
          110 AC_ACCOUNT William          8300                                                                                                                                                          
          110 AC_MGR     Shelley         12000                                                                                                                                                          
              SA_REP     Kimerely         7000                                                                                                                                                          

20 rows selected.

SQL> REM INCREMENT BASED ON DEPARTMENT_ID AND JOB_ID COMBINATIONS : 50 ST_CLERK 40% , 80 SA_REP 30% , 90 AD_VP 20% , REMAINING 10%
SQL> 
SQL> REM 1 || 2 CONCAT
SQL> 
SQL> REM CASE :
SQL> 
SQL> SELECT FIRST_NAME , DEPARTMENT_ID , SALARY ,
  2  DECODE ( DEPARTMENT_ID , 20 , SALARY + 2000
  3                         , 50 , SALARY + 1500
  4                         , 80 , SALARY + 1000 , SALARY + 750) NEW_SALARY
  5  FROM EMPLOYEES
  6  ORDER BY 2
  7  
SQL> 
SQL> 
SQL> SELECT FIRST_NAME , DEPARTMENT_ID , SALARY ,
  2  CASE DEPARTMENT_ID WHEN 20 THEN SALARY + 2000
  3                     WHEN 50 THEN SALARY + 1500
  4                     WHEN 80 THEN SALARY + 1000 ELSE SALARY + 750 END NEW_SALARY
  5  FROM EMPLOYEES
  6  ORDER BY 2;

FIRST_NAME DEPARTMENT_ID     SALARY NEW_SALARY                                                                                                                                                          
---------- ------------- ---------- ----------                                                                                                                                                          
Jennifer              10       4400       5150                                                                                                                                                          
Michael               20      13000      15000                                                                                                                                                          
Pat                   20       6000       8000                                                                                                                                                          
Kevin                 50       5800       7300                                                                                                                                                          
Peter                 50       2500       4000                                                                                                                                                          
Randall               50       2600       4100                                                                                                                                                          
Curtis                50       3100       4600                                                                                                                                                          
Trenna                50       3500       5000                                                                                                                                                          
Diana                 60       4200       4950                                                                                                                                                          
Bruce                 60       6000       6750                                                                                                                                                          
Alexander             60       9000       9750                                                                                                                                                          
Ellen                 80      11000      12000                                                                                                                                                          
Eleni                 80      10500      11500                                                                                                                                                          
Jonathon              80       8600       9600                                                                                                                                                          
Lex                   90      17000      17750                                                                                                                                                          
Steven                90      24000      24750                                                                                                                                                          
Neena                 90      17000      17750                                                                                                                                                          
William              110       8300       9050                                                                                                                                                          
Shelley              110      12000      12750                                                                                                                                                          
Kimerely                       7000       7750                                                                                                                                                          

20 rows selected.

SQL> SELECT * FROM EMPLOYEES;

EMPLOYEE_ID FIRST_NAME LAST_NAME  EMAIL      PHONE_NUMBER         HIRE_DATE JOB_ID         SALARY COMMISSION_PCT MANAGER_ID DEPARTMENT_ID                                                               
----------- ---------- ---------- ---------- -------------------- --------- ---------- ---------- -------------- ---------- -------------                                                               
        100 Steven     King       SKING      515.123.4567         17-JUL-87 AD_PRES         24000                                      90                                                               
        101 Neena      Kochhar    NKOCHHAR   515.123.4568         21-SEP-89 AD_VP           17000                       100            90                                                               
        102 Lex        De Haan    LDEHAAN    515.123.4569         13-JAN-93 AD_VP           17000                       100            90                                                               
        103 Alexander  Hunold     AHUNOLD    590.423.4567         03-JAN-90 IT_PROG          9000                       102            60                                                               
        104 Bruce      Ernst      BERNST     590.423.4568         21-MAY-91 IT_PROG          6000                       103            60                                                               
        107 Diana      Lorentz    DLORENTZ   590.423.5567         07-FEB-99 IT_PROG          4200                       103            60                                                               
        124 Kevin      Mourgos    KMOURGOS   650.123.5234         16-NOV-99 ST_MAN           5800                       100            50                                                               
        141 Trenna     Rajs       TRAJS      650.121.8009         17-OCT-95 ST_CLERK         3500                       124            50                                                               
        142 Curtis     Davies     CDAVIES    650.121.2994         29-JAN-97 ST_CLERK         3100                       124            50                                                               
        143 Randall    Matos      RMATOS     650.121.2874         15-MAR-98 ST_CLERK         2600                       124            50                                                               
        144 Peter      Vargas     PVARGAS    650.121.2004         09-JUL-98 ST_CLERK         2500                       124            50                                                               
        149 Eleni      Zlotkey    EZLOTKEY   011.44.1344.429018   29-JAN-00 SA_MAN          10500             .2        100            80                                                               
        174 Ellen      Abel       EABEL      011.44.1644.429267   11-MAY-96 SA_REP          11000             .3        149            80                                                               
        176 Jonathon   Taylor     JTAYLOR    011.44.1644.429265   24-MAR-98 SA_REP           8600             .3        149            80                                                               
        178 Kimerely   Grant      KGRANT     011.44.1644.429263   24-MAY-99 SA_REP           7000            .15        149                                                                             
        200 Jennifer   Whalen     JWHALEN    515.123.4444         17-SEP-87 AD_ASST          4400                       101            10                                                               
        201 Michael    Hartstein  MHARTSTE   515.123.5555         17-FEB-96 MK_MAN          13000                       100            20                                                               
        202 Pat        Fay        PFAY       603.123.6666         17-AUG-97 MK_REP           6000                       201            20                                                               
        205 Shelley    Higgins    SHIGGINS   515.123.8080         07-JUN-94 AC_MGR          12000                       101           110                                                               
        206 William    Gietz      WGIETZ     515.123.8181         07-JUN-94 AC_ACCOUNT       8300                       205           110                                                               

20 rows selected.

SQL> REM INCREMENT/DECREMENT BASED ON MANAGER_ID : 124 +1500 , 149 -500 , 100 +12.5% , REMAINING -7.5%
SQL> 
SQL> REM 1 DECODE 2 CASE
SQL> 
SQL> SELECT FIRST_NAME , MANAGER_ID , SALARY ,
  2  DECODE(MANAGER_ID , 124 , SALARY + 1500
  3                    , 149 , SALARY - 500
  4                    , 100 , SALARY * 1.125 , SALARY * 0.925) NEW_SALARY
  5  FROM EMPLOYEES
  6  ORDER BY 2;

FIRST_NAME MANAGER_ID     SALARY NEW_SALARY                                                                                                                                                             
---------- ---------- ---------- ----------                                                                                                                                                             
Michael           100      13000      14625                                                                                                                                                             
Neena             100      17000      19125                                                                                                                                                             
Lex               100      17000      19125                                                                                                                                                             
Eleni             100      10500    11812.5                                                                                                                                                             
Kevin             100       5800       6525                                                                                                                                                             
Shelley           101      12000      11100                                                                                                                                                             
Jennifer          101       4400       4070                                                                                                                                                             
Alexander         102       9000       8325                                                                                                                                                             
Bruce             103       6000       5550                                                                                                                                                             
Diana             103       4200       3885                                                                                                                                                             
Curtis            124       3100       4600                                                                                                                                                             
Randall           124       2600       4100                                                                                                                                                             
Peter             124       2500       4000                                                                                                                                                             
Trenna            124       3500       5000                                                                                                                                                             
Kimerely          149       7000       6500                                                                                                                                                             
Ellen             149      11000      10500                                                                                                                                                             
Jonathon          149       8600       8100                                                                                                                                                             
Pat               201       6000       5550                                                                                                                                                             
William           205       8300     7677.5                                                                                                                                                             
Steven                     24000      22200                                                                                                                                                             

20 rows selected.

SQL> SELECT FIRST_NAME , MANAGER_ID , SALARY ,
  2  CASE MANAGER_ID WHEN 124 THEN SALARY + 1500
  3                  WHEN 149 THEN SALARY - 500
  4                  WHEN 100 THEN SALARY * 1.125 ELSE SALARY * 0.925 END NEW_SALARY
  5  FROM EMPLOYEES
  6  ORDER BY 2;

FIRST_NAME MANAGER_ID     SALARY NEW_SALARY                                                                                                                                                             
---------- ---------- ---------- ----------                                                                                                                                                             
Michael           100      13000      14625                                                                                                                                                             
Neena             100      17000      19125                                                                                                                                                             
Lex               100      17000      19125                                                                                                                                                             
Eleni             100      10500    11812.5                                                                                                                                                             
Kevin             100       5800       6525                                                                                                                                                             
Shelley           101      12000      11100                                                                                                                                                             
Jennifer          101       4400       4070                                                                                                                                                             
Alexander         102       9000       8325                                                                                                                                                             
Bruce             103       6000       5550                                                                                                                                                             
Diana             103       4200       3885                                                                                                                                                             
Curtis            124       3100       4600                                                                                                                                                             
Randall           124       2600       4100                                                                                                                                                             
Peter             124       2500       4000                                                                                                                                                             
Trenna            124       3500       5000                                                                                                                                                             
Kimerely          149       7000       6500                                                                                                                                                             
Ellen             149      11000      10500                                                                                                                                                             
Jonathon          149       8600       8100                                                                                                                                                             
Pat               201       6000       5550                                                                                                                                                             
William           205       8300     7677.5                                                                                                                                                             
Steven                     24000      22200                                                                                                                                                             

20 rows selected.

SQL> SELECT DEPARTMENT_ID , MANAGER_ID , JOB_ID , LAST_NAME FROM EMPLOYEES ORDER BY 1,2,3;

DEPARTMENT_ID MANAGER_ID JOB_ID     LAST_NAME                                                                                                                                                           
------------- ---------- ---------- ----------                                                                                                                                                          
           10        101 AD_ASST    Whalen                                                                                                                                                              
           20        100 MK_MAN     Hartstein                                                                                                                                                           
           20        201 MK_REP     Fay                                                                                                                                                                 
           50        100 ST_MAN     Mourgos                                                                                                                                                             
           50        124 ST_CLERK   Davies                                                                                                                                                              
           50        124 ST_CLERK   Vargas                                                                                                                                                              
           50        124 ST_CLERK   Matos                                                                                                                                                               
           50        124 ST_CLERK   Rajs                                                                                                                                                                
           60        102 IT_PROG    Hunold                                                                                                                                                              
           60        103 IT_PROG    Lorentz                                                                                                                                                             
           60        103 IT_PROG    Ernst                                                                                                                                                               
           80        100 SA_MAN     Zlotkey                                                                                                                                                             
           80        149 SA_REP     Abel                                                                                                                                                                
           80        149 SA_REP     Taylor                                                                                                                                                              
           90        100 AD_VP      De Haan                                                                                                                                                             
           90        100 AD_VP      Kochhar                                                                                                                                                             
           90            AD_PRES    King                                                                                                                                                                
          110        101 AC_MGR     Higgins                                                                                                                                                             
          110        205 AC_ACCOUNT Gietz                                                                                                                                                               
                     149 SA_REP     Grant                                                                                                                                                               

20 rows selected.

SQL> REM 50 124 ST_CLERK  40%         60 103 IT_PROG   -20%       REMAINING -750
SQL> 
SQL> 
SQL> REM 1 DECODE + CONCAT  2 CASE ||
SQL> 
SQL> SELECT * FROM EMPLOYEES;

EMPLOYEE_ID FIRST_NAME LAST_NAME  EMAIL      PHONE_NUMBER         HIRE_DATE JOB_ID         SALARY COMMISSION_PCT MANAGER_ID DEPARTMENT_ID                                                               
----------- ---------- ---------- ---------- -------------------- --------- ---------- ---------- -------------- ---------- -------------                                                               
        100 Steven     King       SKING      515.123.4567         17-JUL-87 AD_PRES         24000                                      90                                                               
        101 Neena      Kochhar    NKOCHHAR   515.123.4568         21-SEP-89 AD_VP           17000                       100            90                                                               
        102 Lex        De Haan    LDEHAAN    515.123.4569         13-JAN-93 AD_VP           17000                       100            90                                                               
        103 Alexander  Hunold     AHUNOLD    590.423.4567         03-JAN-90 IT_PROG          9000                       102            60                                                               
        104 Bruce      Ernst      BERNST     590.423.4568         21-MAY-91 IT_PROG          6000                       103            60                                                               
        107 Diana      Lorentz    DLORENTZ   590.423.5567         07-FEB-99 IT_PROG          4200                       103            60                                                               
        124 Kevin      Mourgos    KMOURGOS   650.123.5234         16-NOV-99 ST_MAN           5800                       100            50                                                               
        141 Trenna     Rajs       TRAJS      650.121.8009         17-OCT-95 ST_CLERK         3500                       124            50                                                               
        142 Curtis     Davies     CDAVIES    650.121.2994         29-JAN-97 ST_CLERK         3100                       124            50                                                               
        143 Randall    Matos      RMATOS     650.121.2874         15-MAR-98 ST_CLERK         2600                       124            50                                                               
        144 Peter      Vargas     PVARGAS    650.121.2004         09-JUL-98 ST_CLERK         2500                       124            50                                                               
        149 Eleni      Zlotkey    EZLOTKEY   011.44.1344.429018   29-JAN-00 SA_MAN          10500             .2        100            80                                                               
        174 Ellen      Abel       EABEL      011.44.1644.429267   11-MAY-96 SA_REP          11000             .3        149            80                                                               
        176 Jonathon   Taylor     JTAYLOR    011.44.1644.429265   24-MAR-98 SA_REP           8600             .3        149            80                                                               
        178 Kimerely   Grant      KGRANT     011.44.1644.429263   24-MAY-99 SA_REP           7000            .15        149                                                                             
        200 Jennifer   Whalen     JWHALEN    515.123.4444         17-SEP-87 AD_ASST          4400                       101            10                                                               
        201 Michael    Hartstein  MHARTSTE   515.123.5555         17-FEB-96 MK_MAN          13000                       100            20                                                               
        202 Pat        Fay        PFAY       603.123.6666         17-AUG-97 MK_REP           6000                       201            20                                                               
        205 Shelley    Higgins    SHIGGINS   515.123.8080         07-JUN-94 AC_MGR          12000                       101           110                                                               
        206 William    Gietz      WGIETZ     515.123.8181         07-JUN-94 AC_ACCOUNT       8300                       205           110                                                               

20 rows selected.

SQL> SELECT FIRST_NAME , DEPARTMENT_ID , MANAGER_ID , JOB_ID , SALARY ,
  2  DECODE (CONCAT(CONCAT(DEPARTMENT_ID,MANAGER_ID),JOB_ID), '50124ST_CLERK' , SALARY * 1.4
  3                                                         , '60103IT_PROG'  , SALARY * .8   , SALARY - 750) NEW_SALARY
  4  FROM EMPLOYEES
  5  ORDER BY 1,2,3;

FIRST_NAME DEPARTMENT_ID MANAGER_ID JOB_ID         SALARY NEW_SALARY                                                                                                                                    
---------- ------------- ---------- ---------- ---------- ----------                                                                                                                                    
Alexander             60        102 IT_PROG          9000       8250                                                                                                                                    
Bruce                 60        103 IT_PROG          6000       4800                                                                                                                                    
Curtis                50        124 ST_CLERK         3100       4340                                                                                                                                    
Diana                 60        103 IT_PROG          4200       3360                                                                                                                                    
Eleni                 80        100 SA_MAN          10500       9750                                                                                                                                    
Ellen                 80        149 SA_REP          11000      10250                                                                                                                                    
Jennifer              10        101 AD_ASST          4400       3650                                                                                                                                    
Jonathon              80        149 SA_REP           8600       7850                                                                                                                                    
Kevin                 50        100 ST_MAN           5800       5050                                                                                                                                    
Kimerely                        149 SA_REP           7000       6250                                                                                                                                    
Lex                   90        100 AD_VP           17000      16250                                                                                                                                    
Michael               20        100 MK_MAN          13000      12250                                                                                                                                    
Neena                 90        100 AD_VP           17000      16250                                                                                                                                    
Pat                   20        201 MK_REP           6000       5250                                                                                                                                    
Peter                 50        124 ST_CLERK         2500       3500                                                                                                                                    
Randall               50        124 ST_CLERK         2600       3640                                                                                                                                    
Shelley              110        101 AC_MGR          12000      11250                                                                                                                                    
Steven                90            AD_PRES         24000      23250                                                                                                                                    
Trenna                50        124 ST_CLERK         3500       4900                                                                                                                                    
William              110        205 AC_ACCOUNT       8300       7550                                                                                                                                    

20 rows selected.

SQL> SELECT FIRST_NAME , DEPARTMENT_ID , MANAGER_ID , JOB_ID , SALARY ,
  2  CASE DEPARTMENT_ID || MANAGER_ID || JOB_ID WHEN '50124ST_CLERK' THEN SALARY * 1.4
  3                                             WHEN '60103IT_PROG'  THEN SALARY * .8  ELSE SALARY - 750 END NEW_SALARY
  4  FROM EMPLOYEES
  5  ORDER BY 1,2,3;

FIRST_NAME DEPARTMENT_ID MANAGER_ID JOB_ID         SALARY NEW_SALARY                                                                                                                                    
---------- ------------- ---------- ---------- ---------- ----------                                                                                                                                    
Alexander             60        102 IT_PROG          9000       8250                                                                                                                                    
Bruce                 60        103 IT_PROG          6000       4800                                                                                                                                    
Curtis                50        124 ST_CLERK         3100       4340                                                                                                                                    
Diana                 60        103 IT_PROG          4200       3360                                                                                                                                    
Eleni                 80        100 SA_MAN          10500       9750                                                                                                                                    
Ellen                 80        149 SA_REP          11000      10250                                                                                                                                    
Jennifer              10        101 AD_ASST          4400       3650                                                                                                                                    
Jonathon              80        149 SA_REP           8600       7850                                                                                                                                    
Kevin                 50        100 ST_MAN           5800       5050                                                                                                                                    
Kimerely                        149 SA_REP           7000       6250                                                                                                                                    
Lex                   90        100 AD_VP           17000      16250                                                                                                                                    
Michael               20        100 MK_MAN          13000      12250                                                                                                                                    
Neena                 90        100 AD_VP           17000      16250                                                                                                                                    
Pat                   20        201 MK_REP           6000       5250                                                                                                                                    
Peter                 50        124 ST_CLERK         2500       3500                                                                                                                                    
Randall               50        124 ST_CLERK         2600       3640                                                                                                                                    
Shelley              110        101 AC_MGR          12000      11250                                                                                                                                    
Steven                90            AD_PRES         24000      23250                                                                                                                                    
Trenna                50        124 ST_CLERK         3500       4900                                                                                                                                    
William              110        205 AC_ACCOUNT       8300       7550                                                                                                                                    

20 rows selected.

SQL> REM CASE WHEN ... IS STILL TO BE DONE.
SQL> 
SQL> SPOOL OFF
