SQL> 
SQL> REM TYPES OF COLUMNS WHEN WE USE MULTIPLE TABLES : 1 UNCOMMON COLUMNS 2 COMMON COLUMNS
SQL> 
SQL> REM WHO TO QUALIFY : 1 TABLENAME.COLUMNNAME 2 TABLEALIAS.COLUMNNAME
SQL> 
SQL> REM UNCOMMON COLUMNS CAN BE OPTINALLY QUALIFIED. WE SHOULD QUALIFY THEM FOR : 1 IMPROVING READABILITY OF COMMAND 2 IMPROVING PEFORMANCE OF COMMAND
SQL> 
SQL> REM COMMON COLUMNS CAN BE EITHER QUALIFIED OR NOT QUALIFIED.
SQL> 
SQL> REM IF COMMON COLUMNS ARE REMOVED FROM RESULT SET AUTOMATICALLY, WE CAN'T QUALIFY THEM.
SQL> 
SQL> REM IF COMMON COLUMNS ARE KEPT IN RESULT SET, WE MUST QUALIFY.
SQL> 
SQL> REM 1 NATURAL JOIN REMOVES DUPLICATION OF ALL COMMON COLUMNS. WE CAN'T QUALIFY ANY COMMON COLUMN.
SQL> 
SQL> REM 2 INNER JOIN ... USING REMOVES DUPLICATION OF THOSE COLUMNS WHICH ARE LISTED IN 'USING' CLAUSE. SO WE CAN'T QUALIFY THEM, BUT OTHER COMMON COLUMNS ARE KEPT IN RESULT SET, SO WE MUST QUALIFY THEM.
SQL> 
SQL> REM 3 INNER JOIN ... ON DOESN'T REMOVE ANY COMMON COLUMN, SO WE MUST HAVE TO QUALIFY ALL COMMON COLUMNS.
SQL> 
SQL> REM OUTER JOIN : IT CAN BE USED TO GET EXTRA/UNMATCHED ROWS TO RESULT SET.
SQL> 
SQL> SELECT * FROM COUNTRIES;

CO COUNTRY_NAME                              REGION_ID                                                                                                                                                  
-- ---------------------------------------- ----------                                                                                                                                                  
CA Canada                                            2                                                                                                                                                  
DE Germany                                           1                                                                                                                                                  
UK United Kingdom                                    1                                                                                                                                                  
US United States of America                          2                                                                                                                                                  

SQL> SELECT * FROM REGIONS;

 REGION_ID REGION_NAME                                                                                                                                                                                  
---------- -------------------------                                                                                                                                                                    
         1 Europe                                                                                                                                                                                       
         2 AMERICAS                                                                                                                                                                                     
         3 Asia                                                                                                                                                                                         
         4 MIDDLE EAST AND AFRICA                                                                                                                                                                       

SQL> SELECT COUNTRY_NAME , REGION_NAME
  2  FROM COUNTRIES
  3  NATURAL JOIN REGIONS;

COUNTRY_NAME                             REGION_NAME                                                                                                                                                    
---------------------------------------- -------------------------                                                                                                                                      
Germany                                  Europe                                                                                                                                                         
United Kingdom                           Europe                                                                                                                                                         
Canada                                   AMERICAS                                                                                                                                                       
United States of America                 AMERICAS                                                                                                                                                       

SQL> SELECT COUNTRY_NAME , REGION_NAME
  2  FROM COUNTRIES
  3  JOIN REGIONS  USING (REGION_ID);

COUNTRY_NAME                             REGION_NAME                                                                                                                                                    
---------------------------------------- -------------------------                                                                                                                                      
Germany                                  Europe                                                                                                                                                         
United Kingdom                           Europe                                                                                                                                                         
Canada                                   AMERICAS                                                                                                                                                       
United States of America                 AMERICAS                                                                                                                                                       

SQL> SELECT COUNTRY_NAME , REGION_NAME
  2  FROM COUNTRIES C
  3  JOIN REGIONS   R ON C.REGION_ID = R.REGION_ID;

COUNTRY_NAME                             REGION_NAME                                                                                                                                                    
---------------------------------------- -------------------------                                                                                                                                      
Germany                                  Europe                                                                                                                                                         
United Kingdom                           Europe                                                                                                                                                         
Canada                                   AMERICAS                                                                                                                                                       
United States of America                 AMERICAS                                                                                                                                                       

SQL> REM OUTER JOIN SYNTAX 1 : FROM TABLE1 LEFT/RIGHT/FULL OUTER JOIN TABLE2 USING (COMMON COLUMN LIST, COMMA SEPARATED)
SQL> 
SQL> REM OUTER JOIN SYNTAX 2 : FROM TABLE1 LEFT/RIGHT/FULL OUTER JOIN TABLE2 ON JOIN CONDITION(S)
SQL> 
SQL> SELECT COUNTRY_NAME , REGION_NAME
  2  FROM COUNTRIES
  3  OUTER JOIN REGIONS  USING (REGION_ID);

COUNTRY_NAME                             REGION_NAME                                                                                                                                                    
---------------------------------------- -------------------------                                                                                                                                      
Germany                                  Europe                                                                                                                                                         
United Kingdom                           Europe                                                                                                                                                         
Canada                                   AMERICAS                                                                                                                                                       
United States of America                 AMERICAS                                                                                                                                                       

SQL> SELECT OUTER.COUNTRY_NAME , REGION_NAME
  2  FROM COUNTRIES
  3  OUTER JOIN REGIONS  USING (REGION_ID);

COUNTRY_NAME                             REGION_NAME                                                                                                                                                    
---------------------------------------- -------------------------                                                                                                                                      
Germany                                  Europe                                                                                                                                                         
United Kingdom                           Europe                                                                                                                                                         
Canada                                   AMERICAS                                                                                                                                                       
United States of America                 AMERICAS                                                                                                                                                       

SQL> SELECT COUNTRY_NAME , REGION_NAME
  2  FROM COUNTRIES
  3  INERR JOIN REGIONS  USING (REGION_ID);

COUNTRY_NAME                             REGION_NAME                                                                                                                                                    
---------------------------------------- -------------------------                                                                                                                                      
Germany                                  Europe                                                                                                                                                         
United Kingdom                           Europe                                                                                                                                                         
Canada                                   AMERICAS                                                                                                                                                       
United States of America                 AMERICAS                                                                                                                                                       

SQL> SELECT INERR.COUNTRY_NAME , REGION_NAME
  2  FROM COUNTRIES
  3  INERR JOIN REGIONS  USING (REGION_ID);

COUNTRY_NAME                             REGION_NAME                                                                                                                                                    
---------------------------------------- -------------------------                                                                                                                                      
Germany                                  Europe                                                                                                                                                         
United Kingdom                           Europe                                                                                                                                                         
Canada                                   AMERICAS                                                                                                                                                       
United States of America                 AMERICAS                                                                                                                                                       

SQL> SELECT COUNTRY_NAME , REGION_NAME
  2  FROM COUNTRIES
  3  RIGHT OUTER JOIN REGIONS  USING (REGION_ID);

COUNTRY_NAME                             REGION_NAME                                                                                                                                                    
---------------------------------------- -------------------------                                                                                                                                      
Canada                                   AMERICAS                                                                                                                                                       
Germany                                  Europe                                                                                                                                                         
United Kingdom                           Europe                                                                                                                                                         
United States of America                 AMERICAS                                                                                                                                                       
                                         MIDDLE EAST AND AFRICA                                                                                                                                         
                                         Asia                                                                                                                                                           

6 rows selected.

SQL> SELECT COUNTRY_NAME , REGION_NAME
  2  FROM REGIONS
  3  LEFT OUTER JOIN COUNTRIES USING (REGION_ID);

COUNTRY_NAME                             REGION_NAME                                                                                                                                                    
---------------------------------------- -------------------------                                                                                                                                      
Canada                                   AMERICAS                                                                                                                                                       
Germany                                  Europe                                                                                                                                                         
United Kingdom                           Europe                                                                                                                                                         
United States of America                 AMERICAS                                                                                                                                                       
                                         MIDDLE EAST AND AFRICA                                                                                                                                         
                                         Asia                                                                                                                                                           

6 rows selected.

SQL> SELECT COUNTRY_NAME , REGION_NAME
  2  FROM COUNTRIES
  3  RIGHT JOIN REGIONS  USING (REGION_ID);

COUNTRY_NAME                             REGION_NAME                                                                                                                                                    
---------------------------------------- -------------------------                                                                                                                                      
Canada                                   AMERICAS                                                                                                                                                       
Germany                                  Europe                                                                                                                                                         
United Kingdom                           Europe                                                                                                                                                         
United States of America                 AMERICAS                                                                                                                                                       
                                         MIDDLE EAST AND AFRICA                                                                                                                                         
                                         Asia                                                                                                                                                           

6 rows selected.

SQL> SELECT COUNTRY_NAME , REGION_NAME
  2  FROM REGIONS
  3  LEFT JOIN COUNTRIES USING (REGION_ID);

COUNTRY_NAME                             REGION_NAME                                                                                                                                                    
---------------------------------------- -------------------------                                                                                                                                      
Canada                                   AMERICAS                                                                                                                                                       
Germany                                  Europe                                                                                                                                                         
United Kingdom                           Europe                                                                                                                                                         
United States of America                 AMERICAS                                                                                                                                                       
                                         MIDDLE EAST AND AFRICA                                                                                                                                         
                                         Asia                                                                                                                                                           

6 rows selected.

SQL> SELECT COUNTRY_NAME , REGION_NAME
  2  FROM REGIONS
  3  FOOL JOIN COUNTRIES USING (REGION_ID);

COUNTRY_NAME                             REGION_NAME                                                                                                                                                    
---------------------------------------- -------------------------                                                                                                                                      
Canada                                   AMERICAS                                                                                                                                                       
Germany                                  Europe                                                                                                                                                         
United Kingdom                           Europe                                                                                                                                                         
United States of America                 AMERICAS                                                                                                                                                       

SQL> SELECT COUNTRY_NAME , REGION_NAME
  2  FROM REGIONS
  3  FULL JOIN COUNTRIES USING (REGION_ID);

COUNTRY_NAME                             REGION_NAME                                                                                                                                                    
---------------------------------------- -------------------------                                                                                                                                      
Canada                                   AMERICAS                                                                                                                                                       
Germany                                  Europe                                                                                                                                                         
United Kingdom                           Europe                                                                                                                                                         
United States of America                 AMERICAS                                                                                                                                                       
                                         MIDDLE EAST AND AFRICA                                                                                                                                         
                                         Asia                                                                                                                                                           

6 rows selected.

SQL> SELECT * FROM DEPARTMENTS;

DEPARTMENT_ID DEPARTMENT_NAME                MANAGER_ID LOCATION_ID                                                                                                                                     
------------- ------------------------------ ---------- -----------                                                                                                                                     
           10 Administration                        200        1700                                                                                                                                     
           20 Marketing                             201        1800                                                                                                                                     
           50 Shiping                               124        1500                                                                                                                                     
           60 IT                                    103        1400                                                                                                                                     
           80 Sales                                 149        2500                                                                                                                                     
           90 Executive                             100        1700                                                                                                                                     
          110 Accounting                            205        1700                                                                                                                                     
          190 Contracting                                      1700                                                                                                                                     

8 rows selected.

SQL> SELECT * FROM LOCATIONS;

LOCATION_ID STREET_ADRESS                            POSTAL_CODE  CITY                           STATE_PROVINCE            CO                                                                           
----------- ---------------------------------------- ------------ ------------------------------ ------------------------- --                                                                           
       1400 2014 Jabberwocky Rd                      26192        Southlake                      Texas                     US                                                                           
       1500 2011 Interiors Blvd                      99236        South San Francisco            California                US                                                                           
       1700 2004 Charade Rd                          98199        Seattle                        Washington                US                                                                           
       1800 460 Bloor St. W.                         ON M5S 1X8   Toronto                        Ontario                   CA                                                                           
       2500 Magdalen Centre, The Oxford Science Park OX9 9ZB      Oxford                         Oxford                    UK                                                                           

SQL> SELECT * FROM COUNTRIES;

CO COUNTRY_NAME                              REGION_ID                                                                                                                                                  
-- ---------------------------------------- ----------                                                                                                                                                  
CA Canada                                            2                                                                                                                                                  
DE Germany                                           1                                                                                                                                                  
UK United Kingdom                                    1                                                                                                                                                  
US United States of America                          2                                                                                                                                                  

SQL> REM CITY , COUNTRY_NAME
SQL> 
SQL> REM 1 LEFT 2 RIGHT 3 FULL
SQL> 
SQL> SELECT CITY , COUNTRY_NAME
  2  FROM COUNTRIES
  3  LEFT OUTER JOIN LOCATIONS USING (COUNTRY_ID);

CITY                           COUNTRY_NAME                                                                                                                                                             
------------------------------ ----------------------------------------                                                                                                                                 
Southlake                      United States of America                                                                                                                                                 
South San Francisco            United States of America                                                                                                                                                 
Seattle                        United States of America                                                                                                                                                 
Toronto                        Canada                                                                                                                                                                   
Oxford                         United Kingdom                                                                                                                                                           
                               Germany                                                                                                                                                                  

6 rows selected.

SQL> SELECT CITY , COUNTRY_NAME
  2  FROM LOCATIONS
  3  RIGHT OUTER JOIN COUNTRIES USING (COUNTRY_ID);

CITY                           COUNTRY_NAME                                                                                                                                                             
------------------------------ ----------------------------------------                                                                                                                                 
Southlake                      United States of America                                                                                                                                                 
South San Francisco            United States of America                                                                                                                                                 
Seattle                        United States of America                                                                                                                                                 
Toronto                        Canada                                                                                                                                                                   
Oxford                         United Kingdom                                                                                                                                                           
                               Germany                                                                                                                                                                  

6 rows selected.

SQL> SELECT CITY , COUNTRY_NAME
  2  FROM LOCATIONS
  3  FULL OUTER JOIN COUNTRIES USING (COUNTRY_ID);

CITY                           COUNTRY_NAME                                                                                                                                                             
------------------------------ ----------------------------------------                                                                                                                                 
Southlake                      United States of America                                                                                                                                                 
South San Francisco            United States of America                                                                                                                                                 
Seattle                        United States of America                                                                                                                                                 
Toronto                        Canada                                                                                                                                                                   
Oxford                         United Kingdom                                                                                                                                                           
                               Germany                                                                                                                                                                  

6 rows selected.

SQL> REM FIRST_NAME , DEPARTMENT_NAME
SQL> 
SQL> REM 1 FIRST_NAME  2 DEPARTMENTNAME 3 FIRST_NAME + DEPARTMENT_NAME
SQL> 
SQL> SELECT FIRST_NAME , DEPARTMENT_NAME
  2  FROM EMPLOYEES
  3  LEFT OUTER JOIN DEPARTMENTS USING (DEPARTMENT_ID);

FIRST_NAME DEPARTMENT_NAME                                                                                                                                                                              
---------- ------------------------------                                                                                                                                                               
Jennifer   Administration                                                                                                                                                                               
Michael    Marketing                                                                                                                                                                                    
Pat        Marketing                                                                                                                                                                                    
Kevin      Shiping                                                                                                                                                                                      
Trenna     Shiping                                                                                                                                                                                      
Curtis     Shiping                                                                                                                                                                                      
Randall    Shiping                                                                                                                                                                                      
Peter      Shiping                                                                                                                                                                                      
Alexander  IT                                                                                                                                                                                           
Bruce      IT                                                                                                                                                                                           
Diana      IT                                                                                                                                                                                           
Eleni      Sales                                                                                                                                                                                        
Ellen      Sales                                                                                                                                                                                        
Jonathon   Sales                                                                                                                                                                                        
Steven     Executive                                                                                                                                                                                    
Neena      Executive                                                                                                                                                                                    
Lex        Executive                                                                                                                                                                                    
Shelley    Accounting                                                                                                                                                                                   
William    Accounting                                                                                                                                                                                   
Kimerely                                                                                                                                                                                                

20 rows selected.

SQL> SELECT FIRST_NAME , DEPARTMENT_NAME
  2  FROM EMPLOYEES
  3  RIGHT OUTER JOIN DEPARTMENTS USING (DEPARTMENT_ID);

FIRST_NAME DEPARTMENT_NAME                                                                                                                                                                              
---------- ------------------------------                                                                                                                                                               
Jennifer   Administration                                                                                                                                                                               
Michael    Marketing                                                                                                                                                                                    
Pat        Marketing                                                                                                                                                                                    
Kevin      Shiping                                                                                                                                                                                      
Peter      Shiping                                                                                                                                                                                      
Randall    Shiping                                                                                                                                                                                      
Curtis     Shiping                                                                                                                                                                                      
Trenna     Shiping                                                                                                                                                                                      
Diana      IT                                                                                                                                                                                           
Bruce      IT                                                                                                                                                                                           
Alexander  IT                                                                                                                                                                                           
Ellen      Sales                                                                                                                                                                                        
Eleni      Sales                                                                                                                                                                                        
Jonathon   Sales                                                                                                                                                                                        
Lex        Executive                                                                                                                                                                                    
Steven     Executive                                                                                                                                                                                    
Neena      Executive                                                                                                                                                                                    
William    Accounting                                                                                                                                                                                   
Shelley    Accounting                                                                                                                                                                                   
           Contracting                                                                                                                                                                                  

20 rows selected.

SQL> SELECT FIRST_NAME , DEPARTMENT_NAME
  2  FROM EMPLOYEES
  3  FULL OUTER JOIN DEPARTMENTS USING (DEPARTMENT_ID);

FIRST_NAME DEPARTMENT_NAME                                                                                                                                                                              
---------- ------------------------------                                                                                                                                                               
Steven     Executive                                                                                                                                                                                    
Neena      Executive                                                                                                                                                                                    
Lex        Executive                                                                                                                                                                                    
Alexander  IT                                                                                                                                                                                           
Bruce      IT                                                                                                                                                                                           
Diana      IT                                                                                                                                                                                           
Kevin      Shiping                                                                                                                                                                                      
Trenna     Shiping                                                                                                                                                                                      
Curtis     Shiping                                                                                                                                                                                      
Randall    Shiping                                                                                                                                                                                      
Peter      Shiping                                                                                                                                                                                      
Eleni      Sales                                                                                                                                                                                        
Ellen      Sales                                                                                                                                                                                        
Jonathon   Sales                                                                                                                                                                                        
Kimerely                                                                                                                                                                                                
Jennifer   Administration                                                                                                                                                                               
Michael    Marketing                                                                                                                                                                                    
Pat        Marketing                                                                                                                                                                                    
Shelley    Accounting                                                                                                                                                                                   
William    Accounting                                                                                                                                                                                   
           Contracting                                                                                                                                                                                  

21 rows selected.

SQL> SELECT FIRST_NAME , DEPARTMENT_NAME
  2  FROM EMPLOYEES LEFT OUTER JOIN DEPARTMENTS USING (DEPARTMENT_ID);

FIRST_NAME DEPARTMENT_NAME                                                                                                                                                                              
---------- ------------------------------                                                                                                                                                               
Jennifer   Administration                                                                                                                                                                               
Michael    Marketing                                                                                                                                                                                    
Pat        Marketing                                                                                                                                                                                    
Kevin      Shiping                                                                                                                                                                                      
Trenna     Shiping                                                                                                                                                                                      
Curtis     Shiping                                                                                                                                                                                      
Randall    Shiping                                                                                                                                                                                      
Peter      Shiping                                                                                                                                                                                      
Alexander  IT                                                                                                                                                                                           
Bruce      IT                                                                                                                                                                                           
Diana      IT                                                                                                                                                                                           
Eleni      Sales                                                                                                                                                                                        
Ellen      Sales                                                                                                                                                                                        
Jonathon   Sales                                                                                                                                                                                        
Steven     Executive                                                                                                                                                                                    
Neena      Executive                                                                                                                                                                                    
Lex        Executive                                                                                                                                                                                    
Shelley    Accounting                                                                                                                                                                                   
William    Accounting                                                                                                                                                                                   
Kimerely                                                                                                                                                                                                

20 rows selected.

SQL> SELECT DEPARTMENT_NAME , FIRST_NAME
  2  FROM EMPLOYEES LEFT OUTER JOIN DEPARTMENTS USING (DEPARTMENT_ID);

DEPARTMENT_NAME                FIRST_NAME                                                                                                                                                               
------------------------------ ----------                                                                                                                                                               
Administration                 Jennifer                                                                                                                                                                 
Marketing                      Michael                                                                                                                                                                  
Marketing                      Pat                                                                                                                                                                      
Shiping                        Kevin                                                                                                                                                                    
Shiping                        Trenna                                                                                                                                                                   
Shiping                        Curtis                                                                                                                                                                   
Shiping                        Randall                                                                                                                                                                  
Shiping                        Peter                                                                                                                                                                    
IT                             Alexander                                                                                                                                                                
IT                             Bruce                                                                                                                                                                    
IT                             Diana                                                                                                                                                                    
Sales                          Eleni                                                                                                                                                                    
Sales                          Ellen                                                                                                                                                                    
Sales                          Jonathon                                                                                                                                                                 
Executive                      Steven                                                                                                                                                                   
Executive                      Neena                                                                                                                                                                    
Executive                      Lex                                                                                                                                                                      
Accounting                     Shelley                                                                                                                                                                  
Accounting                     William                                                                                                                                                                  
                               Kimerely                                                                                                                                                                 

20 rows selected.

SQL> SELECT DEPARTMENT_NAME , FIRST_NAME
  2  FROM DEPARTMENTS LEFT OUTER JOIN EMPLOYEES USING (DEPARTMENT_ID);

DEPARTMENT_NAME                FIRST_NAME                                                                                                                                                               
------------------------------ ----------                                                                                                                                                               
Administration                 Jennifer                                                                                                                                                                 
Marketing                      Michael                                                                                                                                                                  
Marketing                      Pat                                                                                                                                                                      
Shiping                        Kevin                                                                                                                                                                    
Shiping                        Peter                                                                                                                                                                    
Shiping                        Randall                                                                                                                                                                  
Shiping                        Curtis                                                                                                                                                                   
Shiping                        Trenna                                                                                                                                                                   
IT                             Diana                                                                                                                                                                    
IT                             Bruce                                                                                                                                                                    
IT                             Alexander                                                                                                                                                                
Sales                          Ellen                                                                                                                                                                    
Sales                          Eleni                                                                                                                                                                    
Sales                          Jonathon                                                                                                                                                                 
Executive                      Lex                                                                                                                                                                      
Executive                      Steven                                                                                                                                                                   
Executive                      Neena                                                                                                                                                                    
Accounting                     William                                                                                                                                                                  
Accounting                     Shelley                                                                                                                                                                  
Contracting                                                                                                                                                                                             

20 rows selected.

SQL> SELECT * FROM LOCATIONS;

LOCATION_ID STREET_ADRESS                            POSTAL_CODE  CITY                           STATE_PROVINCE            CO                                                                           
----------- ---------------------------------------- ------------ ------------------------------ ------------------------- --                                                                           
       1400 2014 Jabberwocky Rd                      26192        Southlake                      Texas                     US                                                                           
       1500 2011 Interiors Blvd                      99236        South San Francisco            California                US                                                                           
       1700 2004 Charade Rd                          98199        Seattle                        Washington                US                                                                           
       1800 460 Bloor St. W.                         ON M5S 1X8   Toronto                        Ontario                   CA                                                                           
       2500 Magdalen Centre, The Oxford Science Park OX9 9ZB      Oxford                         Oxford                    UK                                                                           

SQL> SELECT * FROM COUNTRIES;

CO COUNTRY_NAME                              REGION_ID                                                                                                                                                  
-- ---------------------------------------- ----------                                                                                                                                                  
CA Canada                                            2                                                                                                                                                  
DE Germany                                           1                                                                                                                                                  
UK United Kingdom                                    1                                                                                                                                                  
US United States of America                          2                                                                                                                                                  

SQL> SELECT * FROM REGIONS;

 REGION_ID REGION_NAME                                                                                                                                                                                  
---------- -------------------------                                                                                                                                                                    
         1 Europe                                                                                                                                                                                       
         2 AMERICAS                                                                                                                                                                                     
         3 Asia                                                                                                                                                                                         
         4 MIDDLE EAST AND AFRICA                                                                                                                                                                       

SQL> SELECT CITY , COUNTRY_NAME , REGION_NAME
  2  FROM LOCAITONS
  3  
SQL> 
SQL> SELECT CITY , COUNTRY_NAME , REGION_NAME
  2  FROM LOCATIONS
  3  RIGHT JOIN COUNTRIES USING (COUNTRY_ID)
  4  RIGHT JOIN REGIONS   USING (REGION_ID);

CITY                           COUNTRY_NAME                             REGION_NAME                                                                                                                     
------------------------------ ---------------------------------------- -------------------------                                                                                                       
Southlake                      United States of America                 AMERICAS                                                                                                                        
South San Francisco            United States of America                 AMERICAS                                                                                                                        
Seattle                        United States of America                 AMERICAS                                                                                                                        
Toronto                        Canada                                   AMERICAS                                                                                                                        
Oxford                         United Kingdom                           Europe                                                                                                                          
                               Germany                                  Europe                                                                                                                          
                                                                        MIDDLE EAST AND AFRICA                                                                                                          
                                                                        Asia                                                                                                                            

8 rows selected.

SQL> REM DISPLAY DEPARTMENT_NAME , FIRST_NAME. DISPLAY EXTRA FIRST_NAME USING 'ON' CLAUSE.
SQL> 
SQL> SELECT DEPARTMENT_NAME , FIRST_NAME
  2  FROM DEPARTMENTS
  3  D RIGHT OUTER JOIN EMPLOYEES E ON D.DEPARTMENT_ID = E.DEPARTMENT_ID;

DEPARTMENT_NAME                FIRST_NAME                                                                                                                                                               
------------------------------ ----------                                                                                                                                                               
Administration                 Jennifer                                                                                                                                                                 
Marketing                      Michael                                                                                                                                                                  
Marketing                      Pat                                                                                                                                                                      
Shiping                        Kevin                                                                                                                                                                    
Shiping                        Trenna                                                                                                                                                                   
Shiping                        Curtis                                                                                                                                                                   
Shiping                        Randall                                                                                                                                                                  
Shiping                        Peter                                                                                                                                                                    
IT                             Alexander                                                                                                                                                                
IT                             Bruce                                                                                                                                                                    
IT                             Diana                                                                                                                                                                    
Sales                          Eleni                                                                                                                                                                    
Sales                          Ellen                                                                                                                                                                    
Sales                          Jonathon                                                                                                                                                                 
Executive                      Steven                                                                                                                                                                   
Executive                      Neena                                                                                                                                                                    
Executive                      Lex                                                                                                                                                                      
Accounting                     Shelley                                                                                                                                                                  
Accounting                     William                                                                                                                                                                  
                               Kimerely                                                                                                                                                                 

20 rows selected.

SQL> REM DISPLAY DEPARTMENT_NAME , FIRST_NAME. DISPLAY EXTRA DEPARTMENT_NAME USING 'ON' CLAUSE.
SQL> 
SQL> SELECT DEPARTMENT_NAME , FIRST_NAME
  2  FROM DEPARTMENTS D
  3  LEFT OUTER JOIN EMPLOYEES E ON D.DEPARTMENT_ID = E.DEPARTMENT_ID;

DEPARTMENT_NAME                FIRST_NAME                                                                                                                                                               
------------------------------ ----------                                                                                                                                                               
Administration                 Jennifer                                                                                                                                                                 
Marketing                      Michael                                                                                                                                                                  
Marketing                      Pat                                                                                                                                                                      
Shiping                        Kevin                                                                                                                                                                    
Shiping                        Peter                                                                                                                                                                    
Shiping                        Randall                                                                                                                                                                  
Shiping                        Curtis                                                                                                                                                                   
Shiping                        Trenna                                                                                                                                                                   
IT                             Diana                                                                                                                                                                    
IT                             Bruce                                                                                                                                                                    
IT                             Alexander                                                                                                                                                                
Sales                          Ellen                                                                                                                                                                    
Sales                          Eleni                                                                                                                                                                    
Sales                          Jonathon                                                                                                                                                                 
Executive                      Lex                                                                                                                                                                      
Executive                      Steven                                                                                                                                                                   
Executive                      Neena                                                                                                                                                                    
Accounting                     William                                                                                                                                                                  
Accounting                     Shelley                                                                                                                                                                  
Contracting                                                                                                                                                                                             

20 rows selected.

SQL> SELECT DEPARTMENT_NAME , FIRST_NAME
  2  FROM DEPARTMENTS D
  3  FULL JOIN EMPLOYEES E ON D.DEPARTMENT_ID = E.DEPARTMENT_ID;

DEPARTMENT_NAME                FIRST_NAME                                                                                                                                                               
------------------------------ ----------                                                                                                                                                               
Executive                      Steven                                                                                                                                                                   
Executive                      Neena                                                                                                                                                                    
Executive                      Lex                                                                                                                                                                      
IT                             Alexander                                                                                                                                                                
IT                             Bruce                                                                                                                                                                    
IT                             Diana                                                                                                                                                                    
Shiping                        Kevin                                                                                                                                                                    
Shiping                        Trenna                                                                                                                                                                   
Shiping                        Curtis                                                                                                                                                                   
Shiping                        Randall                                                                                                                                                                  
Shiping                        Peter                                                                                                                                                                    
Sales                          Eleni                                                                                                                                                                    
Sales                          Ellen                                                                                                                                                                    
Sales                          Jonathon                                                                                                                                                                 
                               Kimerely                                                                                                                                                                 
Administration                 Jennifer                                                                                                                                                                 
Marketing                      Michael                                                                                                                                                                  
Marketing                      Pat                                                                                                                                                                      
Accounting                     Shelley                                                                                                                                                                  
Accounting                     William                                                                                                                                                                  
Contracting                                                                                                                                                                                             

21 rows selected.

SQL> REM CITY , COUNTRY_NAME , REGION_NAME
SQL> 
SQL> REM 'ON'
SQL> 
SQL> SELECT CITY , COUNTRY_NAME , REGION_NAME
  2  FROM LOCATIONS L
  3  RIGHT JOIN COUNTRIES C ON L.COUNTRY_ID = C.COUNTRY_ID
  4  RIGHT JOIN REGIONS   R ON C.REGION_ID  = R.REGION_ID;

CITY                           COUNTRY_NAME                             REGION_NAME                                                                                                                     
------------------------------ ---------------------------------------- -------------------------                                                                                                       
Southlake                      United States of America                 AMERICAS                                                                                                                        
South San Francisco            United States of America                 AMERICAS                                                                                                                        
Seattle                        United States of America                 AMERICAS                                                                                                                        
Toronto                        Canada                                   AMERICAS                                                                                                                        
Oxford                         United Kingdom                           Europe                                                                                                                          
                               Germany                                  Europe                                                                                                                          
                                                                        MIDDLE EAST AND AFRICA                                                                                                          
                                                                        Asia                                                                                                                            

8 rows selected.

SQL> REM DISPLAY FIRST_NAME FOR WHICH NO DEPARTMENT IS STILL FIXED.
SQL> 
SQL> SELECT FIRST_NAME
  2  FROM EMPLOYEES
  3  LEFT JOIN DEPARTMENTS USING (DEPARTMENT_ID)
  4  WHERE DEPARTMENT_ID IS NULL;

FIRST_NAME                                                                                                                                                                                              
----------                                                                                                                                                                                              
Kimerely                                                                                                                                                                                                

SQL> REM DISPLAY DEPARTMENT NAME FOR WHICH NO EMPLOYEE IS STILL HIRED.
SQL> 
SQL> SELECT DEPARTMENT_ID
  2  
SQL> SELECT DEPARTMENT_NAME
  2  FROM DEPARTMENTS
  3  LEFT JOIN EMPLOYEES USING (DEPARTMENT_ID)
  4  WHERE EMPLOYEE_ID IS NULL;

DEPARTMENT_NAME                                                                                                                                                                                         
------------------------------                                                                                                                                                                          
Contracting                                                                                                                                                                                             

SQL> SELECT DEPARTMENT_NAME
  2  FROM EMPLOYEES
  3  E RIGHT JOIN DEPARTMENTS D ON E.DEPARTMENT_ID = D.DEPARTMENT_ID
  4  WHERE EMPLOYEE_ID IS NULL;

DEPARTMENT_NAME                                                                                                                                                                                         
------------------------------                                                                                                                                                                          
Contracting                                                                                                                                                                                             

SQL> REM EXTRA COUNTRY_NAME , REGION_NAME
SQL> 
SQL> REM 1 USING , LEFT
SQL> 
SQL> REM 2 ON , RIGHT
SQL> 
SQL> SELECT COUNTRY_NAME , REGION_NAME
  2  FROM LOCATIONS
  3  
SQL> 
SQL> 
SQL> SELECT COUNTRY_NAME , REGION_NAME
  2  FROM REGIONS
  3  LEFT OUTER JOIN COUNTRIES USING (REGION_ID)
  4  LEFT OUTER JOIN LOCATIONS USING (COUNTRY_ID)
  5  WHERE LOCATION_ID IS NULL;

COUNTRY_NAME                             REGION_NAME                                                                                                                                                    
---------------------------------------- -------------------------                                                                                                                                      
Germany                                  Europe                                                                                                                                                         
                                         MIDDLE EAST AND AFRICA                                                                                                                                         
                                         Asia                                                                                                                                                           

SQL> SELECT * FROM LOCATIONS;

LOCATION_ID STREET_ADRESS                            POSTAL_CODE  CITY                           STATE_PROVINCE            CO                                                                           
----------- ---------------------------------------- ------------ ------------------------------ ------------------------- --                                                                           
       1400 2014 Jabberwocky Rd                      26192        Southlake                      Texas                     US                                                                           
       1500 2011 Interiors Blvd                      99236        South San Francisco            California                US                                                                           
       1700 2004 Charade Rd                          98199        Seattle                        Washington                US                                                                           
       1800 460 Bloor St. W.                         ON M5S 1X8   Toronto                        Ontario                   CA                                                                           
       2500 Magdalen Centre, The Oxford Science Park OX9 9ZB      Oxford                         Oxford                    UK                                                                           

SQL> SELECT * FROM COUNTRIES;

CO COUNTRY_NAME                              REGION_ID                                                                                                                                                  
-- ---------------------------------------- ----------                                                                                                                                                  
CA Canada                                            2                                                                                                                                                  
DE Germany                                           1                                                                                                                                                  
UK United Kingdom                                    1                                                                                                                                                  
US United States of America                          2                                                                                                                                                  

SQL> SELECT * FROM REGIONS;

 REGION_ID REGION_NAME                                                                                                                                                                                  
---------- -------------------------                                                                                                                                                                    
         1 Europe                                                                                                                                                                                       
         2 AMERICAS                                                                                                                                                                                     
         3 Asia                                                                                                                                                                                         
         4 MIDDLE EAST AND AFRICA                                                                                                                                                                       

SQL> SELECT COUNTRY_NAME , REGION_NAME
  2  FROM LOCATIONS L
  3  RIGHT JOIN COUNTRIES C ON L.COUNTRY_ID = C.COUNTRY_ID
  4  RIGHT JOIN REGIONS   R ON C.REGION_ID  = R.REGION_ID
  5  WHERE LOCATION_ID IS NULL;

COUNTRY_NAME                             REGION_NAME                                                                                                                                                    
---------------------------------------- -------------------------                                                                                                                                      
Germany                                  Europe                                                                                                                                                         
                                         MIDDLE EAST AND AFRICA                                                                                                                                         
                                         Asia                                                                                                                                                           

SQL> REM DISPLAY ONLY EXTRA : FIRST_NAME , DEPARTMENT_NAME
SQL> 
SQL> REM FIRST_NAME      DEPARTMENT_NAME
SQL> 
SQL>     Kimerely
SP2-0042: unknown command "Kimerely" - rest of line ignored.
SQL> REM                 Contacting
SQL> 

SELECT FIRST_NAME, DEPARTMENT_NAME 
FROM EMPLOYEES
FULL JOIN DEPARTMENTS USING (DEPARTMENT_ID)
WHERE DEPARTMENT_ID IS NULL OR
EMPLOYEE_ID IS NULL;

SQL> SPOOL OFF
